Company_Name,Job_Role,Department,Min_CGPA,Required_Skills,Preferred_Skills,Certifications,Eligibility_Criteria
Google,Software Engineer,Computer Science / IT,8.0,"Python, Data Structures, Algorithms, C++, System Design","Distributed Systems, Linux, Go, Docker","Google Cloud Certification","No standing arrears, 75%+ in 10th/12th"
Microsoft,Software Development Engineer (SDE),Computer Science / IT / ECE,7.8,"C#, C++, Python, Data Structures, Algorithms, SQL","Azure, React, TypeScript, Git, Microservices","Microsoft Azure Fundamentals","No standing arrears, 70%+ in 10th/12th"
Amazon,Software Development Engineer I,Computer Science / IT,7.5,"Java, Data Structures, Algorithms, Object-Oriented Programming, SQL","AWS, Docker, Linux, REST API, Git","AWS Certified Cloud Practitioner","No current backlogs, 65%+ throughout academics"
Tata Consultancy Services,Digital Software Engineer,Any Engineering Branch,7.0,"Java, Python, SQL, HTML, CSS, JavaScript","Spring Boot, React, Git, Cloud Basics","Any Recognized Technical Certification","No active backlogs, max 1 year academic gap"
Tata Consultancy Services,Ninja Systems Engineer,Any Engineering Branch,6.0,"C, C++, Java, Python, Basic SQL","Web Basics, Problem Solving","None Required","Max 1 pending backlog permitted, 60%+ in 10th/12th"
Infosys,Specialist Programmer,Computer Science / IT / ECE,7.5,"Python, Java, Data Structures, SQL, Algorithms","FastAPI, React, Docker, Linux, Machine Learning","None Required","No standing arrears, 65%+ throughout"
Infosys,Systems Engineer,Any Engineering Branch,6.0,"Java, Python, SQL, C++, Problem Solving","HTML, CSS, JavaScript, Git","None Required","Up to 1 backlog allowed, 60%+ in graduation"
Wipro,Project Engineer - Turbo,Computer Science / IT,7.0,"Java, Python, Data Structures, SQL, JavaScript","Spring Boot, Angular, Git, Cloud Fundamentals","None Required","No active backlogs, 65%+ throughout"
Wipro,Project Engineer - Elite,Any Engineering Branch,6.0,"C, C++, Java, Basic SQL","Problem Solving, Communication","None Required","Max 1 backlog allowed, 60%+ in 10th/12th"
Accenture,Advanced Application Engineering Analyst,Computer Science / IT,6.5,"Java, Python, SQL, Data Structures, Git","React, Spring Boot, AWS, Agile Methodologies","None Required","No active backlogs, 65%+ throughout"
Accenture,Associate Software Engineer,Any Engineering Branch,6.0,"C, Java, Python, SQL Basics, HTML, CSS","Cloud Basics, Agile","None Required","Max 1 backlog allowed, 60%+ throughout"
Goldman Sachs,Software Engineering Analyst,Computer Science / IT / Circuit Branches,8.0,"Java, C++, Python, Data Structures, Algorithms, SQL","Spring, Kafka, Docker, Linux, Mathematics","None Required","No history of backlogs, 80%+ throughout"
Deloitte,Technology Analyst - Data & Analytics,Any Engineering / Circuit,6.8,"SQL, Python, Excel, Power BI, Statistics","Tableau, Machine Learning, Data Warehousing, Git","None Required","No active backlogs, 65%+ throughout"
Deloitte,Solutions Delivery Analyst,Any Engineering Branch,6.5,"Java, SQL, JavaScript, HTML, CSS","React, Node.js, Agile, Git","None Required","Max 1 backlog allowed, 65%+ throughout"
Cisco,Software Engineer - Networking & Cloud,Computer Science / IT / ECE,7.5,"Python, C++, Linux, Networking, Data Structures","Docker, Kubernetes, AWS, REST API, Git","CCNA or Cisco Certified DevNet Associate","No current backlogs, 70%+ throughout"
IBM,Associate System Engineer,Computer Science / IT / ECE,6.5,"Python, Java, SQL, Linux, Git","Docker, Cloud Computing, Kubernetes, Flask","IBM Cloud Certification","No standing arrears, 65%+ throughout"
IBM,Data Science & AI Engineer,Computer Science / IT / Data Science,7.5,"Python, Machine Learning, SQL, Pandas, Scikit-learn, Statistics","Deep Learning, TensorFlow, NLP, PyTorch, Docker","IBM Data Science Professional","No standing backlogs, 70%+ throughout"
Capgemini,Senior Software Analyst,Computer Science / IT,6.8,"Java, Python, SQL, Spring Boot, Git","React, Microservices, Docker, REST API","None Required","No active backlogs, 60%+ throughout"
Capgemini,Software Associate,Any Engineering Branch,6.0,"C, C++, Java, SQL Basics","Web Technologies, Problem Solving","None Required","Max 1 backlog allowed, 60%+ throughout"
Cognizant,GenC Next - Full Stack Specialist,Computer Science / IT,7.2,"JavaScript, React, Node.js, SQL, Java, Git","MongoDB, Docker, TypeScript, AWS, Express","None Required","No active backlogs, 65%+ throughout"
Cognizant,GenC - Programmer Analyst Trainee,Any Engineering Branch,6.0,"Java, Python, SQL, HTML, CSS","Basic Problem Solving, Git","None Required","Max 1 backlog permitted, 60%+ throughout"
Zoho,Software Development Engineer,Any Engineering / Science,6.5,"Java, C, C++, Data Structures, Algorithms, Problem Solving","SQL, Linux, Web Technologies","None Required","No minimum CGPA barrier, focus on coding tests"
Qualcomm,Associate Engineer - Embedded Software,ECE / EEE / CSE,7.8,"C, C++, Data Structures, Linux, Embedded Systems","RTOS, Computer Architecture, Python, Git","None Required","No active backlogs, 75%+ throughout"
Oracle,Associate Applications Engineer,Computer Science / IT,7.5,"Java, SQL, Data Structures, Object-Oriented Programming, Git","Spring Boot, Oracle Database, REST API, JavaScript","Oracle Certified Associate (Java)","No backlogs, 70%+ in graduation"
JPMorgan Chase,Software Engineer Analyst,Computer Science / IT / Circuit,7.8,"Java, Python, C++, Data Structures, SQL, Algorithms","Spring Boot, React, AWS, Docker, Git","None Required","No backlogs, 75%+ throughout"
