Student_ID,Name,Attendance_Percentage,Study_Hours_Per_Week,Previous_Grade,Assignment_Score,Assessment_Score,Participation_Score,Sleep_Hours,Tutoring_Sessions,Extracurricular_Activities,Parental_Education,Internet_Access,Performance_Class
STU1001,Vikram Das,65.5,9.2,62.1,54.7,52.2,54.7,6.8,0,No,Master,No,Medium
STU1002,Tharun Deshmukh,88.2,2.9,74.3,50.8,58.0,68.7,6.9,4,No,Bachelor,Yes,High
STU1003,Manoj Verma,91.8,19.2,88.4,74.4,72.8,80.5,5.7,3,No,Bachelor,Yes,High
STU1004,Tharun Nair,100.0,6.6,91.3,54.4,60.9,70.0,4.2,3,No,High School,Yes,High
STU1005,Sathish Bose,52.4,4.0,53.8,38.2,52.5,53.7,8.0,2,No,High School,Yes,Low
STU1006,Dayanithi Subramanian,58.5,24.9,85.1,82.1,67.6,54.9,5.9,1,Yes,Bachelor,Yes,Medium
STU1007,Manoj Reddy,92.3,21.4,71.2,52.2,46.2,68.1,6.5,3,No,High School,Yes,High
STU1008,Divya Patel,54.3,13.7,71.5,59.3,53.5,42.1,8.9,4,Yes,High School,Yes,Medium
STU1009,Enosh Kumar,93.3,15.1,78.6,57.1,66.0,100.0,7.7,1,Yes,High School,Yes,High
STU1010,Gokul Murugan,73.0,2.0,65.7,49.3,44.4,49.8,9.1,0,No,Master,Yes,Medium
STU1011,Ashwin Iyer,68.7,22.4,86.3,74.4,69.5,60.5,7.1,1,No,High School,Yes,High
STU1012,Priya Sharma,78.9,11.2,90.5,75.8,81.5,79.6,7.7,4,Yes,High School,Yes,High
STU1013,Deepa Murugan,57.2,18.3,91.0,82.1,62.9,59.6,6.7,3,No,Bachelor,Yes,High
STU1014,Ajay Chopra,87.5,2.0,48.0,38.0,47.5,67.8,6.0,3,No,Bachelor,Yes,Low
STU1015,Varun Rao,99.7,22.8,69.0,62.6,62.5,67.9,7.7,4,No,High School,No,High
STU1016,Kishore Joshi,88.2,10.7,46.8,82.6,59.8,74.2,6.5,3,No,Doctorate,Yes,Medium
STU1017,Vijay Deshmukh,72.5,6.4,62.1,51.7,50.2,37.1,7.8,2,Yes,Bachelor,Yes,Medium
STU1018,Ashwin Bose,54.5,13.6,40.8,42.4,30.0,54.4,6.3,2,No,Bachelor,Yes,Low
STU1019,Deepa Das,55.0,11.8,77.9,57.5,62.5,53.3,6.8,0,No,High School,Yes,Medium
STU1020,Ajay Patel,57.4,23.5,74.9,67.1,50.1,65.1,6.9,1,No,Bachelor,Yes,Medium
STU1021,Arun Bose,75.8,13.1,66.4,56.3,67.1,54.0,8.3,1,No,Master,Yes,High
STU1022,Vikram Gupta,77.6,25.5,61.7,63.1,57.9,63.3,6.5,3,Yes,High School,Yes,Medium
STU1023,Vikram Malhotra,88.2,18.3,76.1,66.2,58.7,77.3,8.4,1,Yes,Bachelor,Yes,High
STU1024,Sneha Pillai,50.9,22.3,58.9,61.7,55.5,52.6,5.9,0,No,High School,Yes,Medium
STU1025,Meena Gupta,94.4,16.0,58.0,50.2,52.6,63.2,7.3,0,Yes,Doctorate,Yes,High
STU1026,Sathish Kumar,85.7,24.9,56.4,65.5,51.9,64.9,6.2,1,No,High School,Yes,High
STU1027,Ritu Deshmukh,71.4,7.9,69.4,58.5,50.7,76.8,8.3,1,Yes,Master,Yes,Medium
STU1028,Kishore Nair,59.3,16.8,64.4,64.8,39.2,58.2,6.0,0,Yes,High School,Yes,Low
STU1029,Deepa Verma,93.5,13.2,67.0,46.0,59.9,59.5,6.1,0,Yes,Bachelor,Yes,Medium
STU1030,Vijay Patel,71.8,25.8,78.8,73.3,51.3,71.9,5.5,1,No,Bachelor,Yes,Medium
STU1031,Swetha Chopra,75.7,26.5,84.5,58.8,57.5,49.4,7.1,0,Yes,High School,Yes,High
STU1032,Sneha Malhotra,81.4,16.0,90.9,69.6,72.1,65.8,7.7,0,No,Bachelor,Yes,High
STU1033,Divya Reddy,63.2,7.0,72.8,63.6,53.0,63.6,7.6,0,Yes,High School,Yes,Medium
STU1034,Priya Iyer,72.0,19.0,76.5,75.4,63.2,75.3,6.8,1,No,High School,Yes,Medium
STU1035,Enosh Rao,88.1,4.3,74.5,60.1,52.5,49.5,6.2,1,Yes,Master,Yes,Medium
STU1036,Sneha Malhotra,86.7,27.4,50.2,66.9,48.7,79.1,6.7,0,Yes,High School,Yes,High
STU1037,Sathish Murugan,86.8,12.7,67.2,57.1,58.0,80.7,6.7,3,No,Bachelor,Yes,High
STU1038,Priya Rao,59.8,15.8,67.3,57.3,45.5,50.3,7.3,0,No,High School,Yes,Medium
STU1039,Ashwin Reddy,72.7,11.2,65.4,79.4,69.8,64.5,7.2,0,Yes,High School,Yes,High
STU1040,Swetha Joshi,70.5,9.7,71.5,66.0,53.3,31.8,9.1,0,No,Bachelor,Yes,Medium
STU1041,Vijay Verma,82.0,21.2,69.1,56.0,66.3,41.7,7.0,0,Yes,Bachelor,Yes,High
STU1042,Swetha Verma,80.7,14.9,59.2,43.7,48.3,79.5,7.4,0,Yes,High School,Yes,Medium
STU1043,Bharath Joshi,78.2,16.3,70.0,59.1,46.0,61.5,7.1,0,Yes,Bachelor,Yes,Medium
STU1044,Karthik Malhotra,100.0,9.0,63.7,65.4,51.3,76.5,6.6,1,Yes,High School,Yes,Medium
STU1045,Vijay Menon,71.9,22.0,40.0,54.6,42.7,65.5,7.4,1,Yes,Master,Yes,Medium
STU1046,Sanjay Deshmukh,70.3,22.7,53.8,42.3,52.2,58.5,6.5,1,Yes,High School,Yes,Medium
STU1047,Karthik Sharma,59.8,14.5,73.2,61.6,68.1,51.3,6.9,2,No,High School,Yes,Medium
STU1048,Ajay Nair,54.5,24.9,86.2,74.4,64.1,56.6,8.4,0,Yes,Bachelor,Yes,High
STU1049,Sanjay Sharma,58.9,15.3,40.4,35.0,30.0,40.4,6.4,4,No,High School,Yes,Low
STU1050,Deepa Verma,65.9,21.5,60.7,62.4,53.3,71.1,7.5,0,Yes,High School,Yes,Medium
STU1051,Gokul Subramanian,94.3,4.6,77.6,50.7,55.8,74.3,4.0,1,Yes,Bachelor,Yes,High
STU1052,Harish Chopra,76.5,18.5,83.4,54.8,64.6,55.8,6.8,0,Yes,Master,Yes,Medium
STU1053,Divya Patel,78.7,14.1,66.5,72.9,51.7,55.8,6.4,3,No,Doctorate,Yes,Medium
STU1054,Rahul Sharma,74.7,17.1,63.1,52.0,37.2,65.2,7.1,1,No,Bachelor,Yes,High
STU1055,Varun Singh,81.1,16.8,87.9,64.9,75.9,65.6,6.7,0,No,Bachelor,Yes,High
STU1056,Ananya Nair,95.6,16.9,82.3,62.6,64.7,61.9,7.2,1,Yes,Bachelor,Yes,High
STU1057,Sathish Gupta,48.1,20.3,83.2,70.5,60.3,42.8,6.5,0,No,Bachelor,Yes,Medium
STU1058,Kishore Nair,93.1,12.0,65.9,72.7,67.5,67.8,7.5,2,No,High School,Yes,High
STU1059,Sanjay Verma,45.0,20.0,86.5,62.0,72.4,59.6,4.9,1,Yes,Doctorate,Yes,Medium
STU1060,Deepa Kumar,76.4,24.6,46.7,56.0,50.6,67.1,7.1,0,Yes,High School,Yes,High
STU1061,Akashraj Joshi,100.0,6.1,86.7,64.3,70.1,95.7,5.9,0,Yes,High School,Yes,High
STU1062,Dayanithi Singh,85.5,10.5,71.1,52.8,60.8,64.2,8.4,0,No,Master,Yes,Medium
STU1063,Rahul Murugan,81.2,10.8,73.7,58.4,57.0,65.8,5.9,1,Yes,Bachelor,Yes,Medium
STU1064,Divya Patel,100.0,8.4,59.7,58.7,56.4,83.9,8.2,0,No,High School,Yes,High
STU1065,Akashraj Patel,66.2,12.7,48.4,45.9,43.6,65.8,7.0,1,Yes,High School,Yes,Low
STU1066,Arun Deshmukh,82.1,23.2,73.4,65.6,55.0,76.5,4.8,4,Yes,Bachelor,No,High
STU1067,Swetha Patel,84.1,26.1,79.2,68.9,64.3,61.6,5.9,0,Yes,Bachelor,Yes,High
STU1068,Akashraj Singh,68.7,16.7,81.1,66.6,64.4,52.6,8.0,5,No,Bachelor,No,High
STU1069,Sathish Pillai,69.9,13.7,79.7,67.0,65.1,58.4,7.9,1,Yes,High School,Yes,Medium
STU1070,Vikram Gupta,68.4,21.6,76.8,73.4,64.3,75.8,5.4,0,Yes,Doctorate,Yes,Medium
STU1071,Vijay Deshmukh,77.2,2.0,60.0,65.7,44.3,56.3,8.9,0,No,High School,Yes,Medium
STU1072,Sathish Rao,83.7,8.6,82.0,41.7,68.5,65.0,7.0,2,Yes,Bachelor,Yes,High
STU1073,Kishore Menon,77.7,2.0,58.5,48.3,57.6,73.9,8.1,0,Yes,Bachelor,Yes,Medium
STU1074,Harish Nair,85.9,8.5,86.4,53.7,64.0,78.3,5.5,0,Yes,High School,No,High
STU1075,Ramesh Das,48.4,10.6,70.9,56.6,54.9,54.6,6.5,0,Yes,High School,Yes,Medium
STU1076,Tharun Reddy,72.9,26.3,71.3,76.3,58.6,64.5,7.5,2,Yes,Master,Yes,High
STU1077,Ashwin Singh,61.7,2.0,83.3,69.1,67.4,46.4,6.6,1,Yes,Master,Yes,Medium
STU1078,Dayanithi Nair,80.2,13.1,85.0,76.8,61.9,61.2,4.0,1,Yes,High School,Yes,High
STU1079,Karthik Deshmukh,80.0,20.3,82.0,79.9,76.3,79.3,6.8,0,Yes,Master,Yes,High
STU1080,Manoj Reddy,74.4,18.9,61.3,59.5,57.4,72.4,4.6,2,No,High School,Yes,Low
STU1081,Karthik Nair,83.1,26.2,81.9,84.7,73.4,56.5,5.7,4,Yes,Bachelor,Yes,High
STU1082,Varun Bose,90.0,17.1,61.4,72.6,57.2,82.7,5.3,0,Yes,High School,Yes,High
STU1083,Enosh Kumar,75.2,18.6,82.2,70.2,54.3,78.2,8.4,0,Yes,Master,Yes,High
STU1084,Ananya Menon,61.3,3.1,53.5,57.7,52.5,57.3,8.7,3,Yes,High School,Yes,Medium
STU1085,Ashwin Iyer,53.9,9.1,70.8,59.1,43.5,56.6,7.4,2,No,Bachelor,Yes,Low
STU1086,Kishore Murugan,76.5,3.5,61.3,62.9,59.8,76.0,6.7,1,No,Bachelor,Yes,Medium
STU1087,Deepa Das,79.4,20.0,83.3,69.0,59.8,60.7,7.0,4,Yes,High School,Yes,High
STU1088,Ashwin Subramanian,62.4,18.4,86.5,65.8,51.9,80.7,8.4,1,No,Bachelor,Yes,Medium
STU1089,Sathish Nair,86.2,18.2,74.6,56.8,60.0,84.0,4.6,0,Yes,High School,Yes,Medium
STU1090,Ashwin Sharma,69.6,9.8,74.2,59.2,65.7,67.0,5.7,2,No,Bachelor,Yes,High
STU1091,Akashraj Das,52.8,9.2,81.2,63.7,51.8,51.3,8.2,1,No,High School,Yes,Medium
STU1092,Karthik Gupta,93.6,17.5,86.6,62.6,79.1,81.1,8.5,5,No,Bachelor,Yes,High
STU1093,Rahul Nair,92.0,11.3,72.5,58.8,65.1,59.6,7.7,0,Yes,Master,Yes,High
STU1094,Kavitha Verma,47.8,8.9,65.5,52.3,49.4,69.5,5.7,1,Yes,High School,Yes,Low
STU1095,Varun Gupta,68.1,12.4,80.4,56.0,56.2,72.1,8.2,2,Yes,High School,Yes,High
STU1096,Ashwin Singh,67.6,11.4,47.8,59.2,42.6,75.2,8.6,0,Yes,Bachelor,Yes,Low
STU1097,Akashraj Bose,99.0,9.9,83.8,74.2,72.9,79.7,7.9,0,Yes,Bachelor,Yes,High
STU1098,Ananya Murugan,74.6,7.4,62.8,62.8,59.8,61.2,4.0,3,No,Doctorate,Yes,Medium
STU1099,Gokul Deshmukh,55.1,19.1,68.9,63.3,49.2,46.3,7.1,0,Yes,High School,Yes,Medium
STU1100,Varun Gupta,88.3,26.9,83.9,74.5,62.5,81.1,7.7,1,No,Bachelor,Yes,High
STU1101,Ritu Chopra,58.8,15.7,66.6,52.6,49.3,50.2,6.4,3,No,Master,Yes,Low
STU1102,Ashwin Chopra,72.4,17.6,80.4,71.0,72.8,61.6,7.2,0,No,Master,Yes,High
STU1103,Sathish Das,65.2,19.8,86.8,73.0,56.6,64.6,6.4,5,Yes,Bachelor,Yes,High
STU1104,Deepa Nair,68.2,18.6,73.4,88.3,70.6,54.3,6.0,2,Yes,High School,Yes,High
STU1105,Priya Patel,89.1,10.1,76.0,70.2,64.1,83.9,8.8,1,No,High School,Yes,High
STU1106,Ramesh Singh,97.3,28.0,70.4,72.5,51.6,78.2,7.3,0,No,High School,Yes,High
STU1107,Ramesh Chopra,58.2,10.7,73.5,60.5,52.1,39.8,5.7,4,No,Master,Yes,Medium
STU1108,Varun Chopra,84.8,20.5,57.5,68.3,58.6,64.2,5.3,0,No,High School,Yes,Medium
STU1109,Priya Kumar,65.7,19.7,68.2,56.8,66.2,72.5,6.0,0,Yes,Bachelor,No,Medium
STU1110,Kishore Singh,66.2,2.3,55.3,57.6,38.7,50.3,6.0,0,Yes,Bachelor,Yes,Low
STU1111,Akashraj Sharma,82.9,13.5,60.3,48.5,31.6,78.7,7.2,0,Yes,Bachelor,Yes,Medium
STU1112,Harish Kumar,61.6,16.4,46.0,48.7,32.1,58.2,7.6,1,No,Bachelor,Yes,Low
STU1113,Bharath Murugan,82.6,16.9,75.4,50.6,66.4,67.8,7.6,5,No,Bachelor,Yes,High
STU1114,Sathish Iyer,86.2,18.1,94.0,78.4,60.5,96.8,6.1,3,No,Bachelor,Yes,High
STU1115,Dayanithi Reddy,69.9,21.3,66.1,66.2,65.7,49.1,8.1,0,No,High School,Yes,Medium
STU1116,Dayanithi Subramanian,94.6,15.9,84.5,63.8,75.8,69.4,8.5,0,No,Bachelor,Yes,High
STU1117,Gokul Chopra,58.2,18.5,86.6,63.3,63.2,54.7,6.7,1,Yes,Master,Yes,High
STU1118,Kavitha Singh,94.8,15.7,56.4,68.0,51.2,100.0,5.8,0,Yes,Doctorate,No,Medium
STU1119,Ritu Kumar,48.8,8.9,59.2,53.0,46.2,49.1,7.1,2,No,Bachelor,Yes,Low
STU1120,Kavitha Subramanian,100.0,16.2,84.9,62.5,72.5,82.7,9.6,3,Yes,Bachelor,Yes,High
STU1121,Pooja Joshi,70.3,21.2,70.8,81.4,63.7,58.8,5.7,3,Yes,Bachelor,Yes,Medium
STU1122,Akashraj Gupta,59.7,23.8,55.2,56.1,58.7,59.4,6.4,0,Yes,Bachelor,Yes,Medium
STU1123,Kishore Iyer,72.7,19.8,63.7,71.5,53.9,60.9,7.1,1,Yes,Doctorate,Yes,High
STU1124,Pooja Patel,61.3,25.3,77.5,62.0,48.9,63.7,7.6,0,Yes,Bachelor,Yes,Medium
STU1125,Ritu Reddy,81.4,18.9,61.7,58.2,43.3,76.6,4.6,0,No,High School,Yes,Medium
STU1126,Harish Patel,95.1,22.0,40.0,58.2,34.5,74.7,8.6,1,No,Doctorate,Yes,Medium
STU1127,Harish Das,62.1,22.6,67.8,65.2,55.8,46.0,8.6,3,No,Bachelor,Yes,Medium
STU1128,Vikram Das,84.1,14.4,68.9,63.2,56.7,71.4,6.5,3,Yes,Bachelor,Yes,Medium
STU1129,Sanjay Sharma,54.5,21.1,72.1,62.2,54.7,66.7,10.0,4,No,Doctorate,Yes,Medium
STU1130,Divya Nair,90.5,9.4,88.4,53.2,62.5,66.0,8.5,3,No,High School,Yes,High
STU1131,Meena Verma,81.8,18.4,72.7,76.8,54.6,72.4,8.4,0,No,Bachelor,Yes,High
STU1132,Akashraj Subramanian,91.1,20.0,75.2,63.3,66.7,62.6,8.4,1,No,Bachelor,Yes,High
STU1133,Kishore Malhotra,74.3,23.4,85.7,75.6,49.4,54.2,8.4,0,No,High School,Yes,High
STU1134,Dayanithi Rao,69.9,21.7,72.1,72.5,53.6,74.9,7.0,0,Yes,Bachelor,Yes,Medium
STU1135,Rahul Nair,87.4,23.4,99.0,81.1,81.6,79.4,6.9,1,No,High School,No,High
STU1136,Kishore Joshi,57.7,15.3,55.6,50.8,39.0,58.1,5.9,2,Yes,High School,Yes,Medium
STU1137,Sathish Joshi,51.6,13.6,59.9,66.4,52.0,30.0,6.3,1,Yes,Bachelor,No,Low
STU1138,Ajay Das,75.9,14.1,80.0,69.6,57.6,60.0,6.6,0,No,Bachelor,Yes,High
STU1139,Kishore Chopra,70.5,17.9,88.3,72.7,63.4,68.4,7.1,0,Yes,High School,Yes,High
STU1140,Priya Sharma,83.8,3.3,69.4,56.1,61.1,55.8,8.9,0,Yes,Doctorate,Yes,Medium
STU1141,Pooja Murugan,91.3,25.3,58.9,77.2,49.0,71.2,4.5,0,No,Bachelor,Yes,Medium
STU1142,Arun Singh,83.5,16.3,94.9,66.9,75.9,77.8,8.6,0,No,High School,Yes,High
STU1143,Varun Gupta,90.2,13.1,61.7,60.9,56.1,59.0,5.8,1,Yes,High School,Yes,High
STU1144,Sanjay Patel,80.5,2.0,76.4,52.5,67.8,51.5,6.9,2,No,Master,No,Medium
STU1145,Harish Joshi,82.9,15.7,89.1,54.6,67.0,54.8,6.1,0,Yes,Bachelor,Yes,High
STU1146,Pooja Patel,74.4,14.6,66.3,44.6,44.3,68.0,9.2,1,Yes,High School,Yes,Medium
STU1147,Ritu Sharma,82.5,9.7,63.9,48.3,64.9,63.9,6.4,0,Yes,High School,Yes,Medium
STU1148,Gokul Das,78.3,11.3,64.8,52.4,46.4,75.8,7.6,4,Yes,Bachelor,Yes,Medium
STU1149,Manoj Chopra,80.6,15.8,83.7,85.3,67.2,69.6,7.7,0,Yes,High School,Yes,High
STU1150,Divya Reddy,73.7,11.9,85.8,72.0,72.6,83.0,5.6,2,Yes,Bachelor,Yes,High
STU1151,Kavitha Verma,87.3,20.0,72.4,72.3,49.2,60.0,6.9,4,No,Master,Yes,High
STU1152,Ritu Patel,66.1,10.8,96.5,65.0,78.1,63.0,8.4,3,No,High School,Yes,High
STU1153,Pooja Patel,75.7,17.1,72.4,64.7,50.7,57.5,6.0,0,No,Master,Yes,Medium
STU1154,Ajay Malhotra,94.4,24.3,88.8,93.5,72.0,82.6,8.0,1,No,Master,Yes,High
STU1155,Swetha Malhotra,62.7,15.7,66.4,51.3,53.1,58.8,6.6,0,Yes,Master,Yes,Medium
STU1156,Priya Patel,45.7,18.5,99.0,79.3,68.1,37.5,8.4,0,No,Doctorate,No,Medium
STU1157,Pooja Gupta,81.1,18.0,92.4,85.7,78.4,67.1,9.1,0,No,Master,No,High
STU1158,Sneha Sharma,72.4,16.1,70.3,70.5,47.2,64.2,4.6,3,Yes,Bachelor,Yes,Medium
STU1159,Sneha Sharma,90.2,15.5,90.6,85.0,78.6,68.1,5.4,3,Yes,Bachelor,Yes,High
STU1160,Swetha Joshi,74.2,12.0,90.0,69.9,73.1,71.8,6.5,0,No,Bachelor,Yes,Medium
STU1161,Ritu Verma,67.5,17.1,92.2,77.0,75.9,50.2,8.8,1,No,Master,Yes,High
STU1162,Vikram Patel,74.9,14.0,40.0,50.3,30.0,85.9,7.6,4,No,High School,Yes,Low
STU1163,Ramesh Sharma,91.3,26.8,81.4,77.9,57.9,84.3,5.5,1,Yes,High School,No,High
STU1164,Pooja Murugan,84.1,21.7,79.0,62.3,60.3,73.9,7.8,0,Yes,High School,Yes,High
STU1165,Varun Bose,45.0,5.8,78.1,66.1,46.7,75.5,5.9,1,No,Master,Yes,Medium
STU1166,Enosh Pillai,78.6,6.2,74.8,61.0,47.0,64.1,8.0,2,No,Bachelor,Yes,Medium
STU1167,Ashwin Iyer,79.3,15.1,75.2,64.6,57.9,73.7,7.6,1,Yes,Bachelor,No,High
STU1168,Kavitha Menon,75.7,13.2,88.7,82.4,71.3,67.6,5.9,2,Yes,High School,Yes,High
STU1169,Harish Verma,67.4,14.7,79.0,63.3,79.6,68.4,6.9,0,No,Bachelor,Yes,Medium
STU1170,Varun Kumar,92.7,20.6,74.8,76.9,69.1,90.6,8.5,0,No,High School,Yes,High
STU1171,Bharath Sharma,93.4,18.2,86.8,81.1,83.9,81.5,4.7,0,Yes,Bachelor,Yes,High
STU1172,Kishore Deshmukh,45.2,18.1,77.4,73.7,57.2,57.5,7.4,0,Yes,Bachelor,Yes,Medium
STU1173,Akashraj Singh,64.8,26.1,78.7,64.4,63.6,53.4,5.7,1,No,Doctorate,Yes,Medium
STU1174,Kishore Joshi,74.0,6.3,96.3,70.2,69.3,62.3,7.0,0,No,Bachelor,Yes,High
STU1175,Harish Reddy,89.3,16.7,66.4,77.2,79.7,90.0,7.5,2,Yes,Bachelor,Yes,High
STU1176,Rahul Chopra,76.5,11.9,52.3,38.5,39.8,71.9,9.4,0,Yes,Bachelor,Yes,Medium
STU1177,Ramesh Murugan,66.4,26.0,72.9,68.3,54.2,62.3,7.0,2,No,Bachelor,Yes,Medium
STU1178,Kishore Pillai,85.9,2.0,74.8,65.4,67.3,64.0,8.8,4,Yes,High School,Yes,High
STU1179,Bharath Iyer,73.0,2.0,81.4,57.8,62.4,73.5,6.0,2,No,Bachelor,Yes,Medium
STU1180,Rahul Gupta,74.4,18.1,73.4,71.7,57.4,56.8,6.4,4,No,Master,Yes,High
STU1181,Arun Chopra,75.6,23.9,81.8,83.3,73.4,54.6,7.7,1,Yes,Bachelor,Yes,High
STU1182,Swetha Patel,84.0,21.4,99.0,79.3,74.8,71.5,7.2,0,No,Bachelor,Yes,High
STU1183,Kishore Sharma,71.7,10.4,82.4,68.3,63.0,39.0,6.6,4,No,Doctorate,Yes,Medium
STU1184,Ritu Sharma,85.6,26.5,84.7,75.5,69.8,77.5,6.6,3,No,Master,Yes,High
STU1185,Rahul Malhotra,75.0,7.4,70.3,59.9,44.6,68.8,8.6,3,Yes,Bachelor,Yes,Medium
STU1186,Ajay Rao,61.1,25.2,54.0,78.5,39.5,53.1,6.7,1,No,Bachelor,Yes,Medium
STU1187,Enosh Patel,75.5,8.3,42.1,46.3,49.0,62.7,5.8,1,Yes,Master,Yes,Medium
STU1188,Divya Pillai,61.8,13.5,65.3,56.4,46.7,55.9,6.0,0,No,Doctorate,Yes,Medium
STU1189,Gokul Malhotra,76.6,20.5,40.0,61.6,42.8,58.1,7.8,2,No,Doctorate,Yes,Medium
STU1190,Vijay Kumar,87.6,5.7,78.7,53.2,72.7,74.4,9.7,0,Yes,Bachelor,Yes,High
STU1191,Varun Rao,61.0,26.3,67.0,62.7,52.7,54.1,6.4,0,No,Bachelor,No,Medium
STU1192,Priya Chopra,81.1,13.5,54.9,50.2,47.5,69.8,9.6,1,No,High School,Yes,Medium
STU1193,Divya Sharma,64.4,17.0,73.7,62.6,63.2,57.1,7.0,1,Yes,Bachelor,Yes,High
STU1194,Sanjay Subramanian,78.8,24.1,62.4,62.7,50.2,63.8,6.7,0,Yes,Master,Yes,High
STU1195,Enosh Joshi,88.0,10.4,77.9,68.0,72.5,75.6,5.9,2,No,Master,Yes,High
STU1196,Vikram Rao,46.2,23.4,81.2,68.8,64.5,55.5,6.8,3,Yes,Bachelor,Yes,Medium
STU1197,Dayanithi Patel,60.4,27.5,62.9,72.6,66.2,51.0,6.1,1,Yes,Bachelor,Yes,Medium
STU1198,Meena Menon,70.8,11.4,68.9,66.3,51.8,66.4,6.0,1,No,High School,Yes,Medium
STU1199,Kishore Nair,80.4,25.6,74.8,65.1,70.3,73.4,5.0,4,No,Bachelor,Yes,Medium
STU1200,Ajay Reddy,73.7,3.7,53.7,55.4,52.0,51.4,9.1,0,No,Bachelor,Yes,Medium
STU1201,Karthik Das,75.4,18.7,74.8,73.6,52.3,75.0,8.3,2,Yes,Bachelor,Yes,High
STU1202,Akashraj Verma,100.0,7.4,53.4,36.7,30.7,100.0,7.3,0,Yes,High School,No,Medium
STU1203,Swetha Joshi,59.0,22.6,79.4,72.7,55.0,54.5,6.8,0,Yes,Bachelor,Yes,Medium
STU1204,Swetha Murugan,91.9,22.0,66.3,60.7,60.1,73.4,7.0,1,No,High School,Yes,High
STU1205,Harish Deshmukh,71.1,30.5,53.3,75.0,54.5,60.5,6.1,2,No,Doctorate,Yes,Medium
STU1206,Kishore Kumar,83.7,25.9,64.5,62.2,55.7,76.4,5.6,0,Yes,Bachelor,Yes,High
STU1207,Priya Bose,100.0,14.8,65.0,49.2,56.2,85.1,7.9,0,Yes,Master,Yes,High
STU1208,Ajay Chopra,85.6,8.4,85.9,64.2,65.6,55.5,6.7,1,No,High School,No,Medium
STU1209,Ritu Rao,81.2,20.0,74.3,59.5,66.8,60.1,7.4,1,No,High School,No,Medium
STU1210,Kavitha Deshmukh,98.4,15.6,59.6,65.0,47.0,84.1,5.0,1,Yes,Bachelor,Yes,High
STU1211,Enosh Subramanian,91.7,26.9,93.4,72.0,74.4,73.6,6.6,0,No,Bachelor,Yes,High
STU1212,Kishore Singh,64.8,2.0,80.1,58.1,53.2,47.2,5.6,1,Yes,Bachelor,Yes,Medium
STU1213,Akashraj Verma,80.1,31.3,67.6,83.2,54.7,83.1,7.6,0,No,High School,Yes,High
STU1214,Bharath Murugan,52.0,19.7,51.8,66.3,53.9,43.2,8.2,0,No,High School,Yes,Low
STU1215,Deepa Singh,68.4,10.3,66.5,61.6,47.3,61.4,8.8,1,No,Bachelor,Yes,Medium
STU1216,Vikram Reddy,80.4,21.1,69.1,64.3,57.0,66.5,6.2,1,Yes,High School,Yes,High
STU1217,Kavitha Menon,67.6,25.1,76.8,73.8,74.9,49.8,5.6,0,Yes,High School,Yes,High
STU1218,Ritu Deshmukh,79.8,16.8,79.9,72.6,70.3,69.7,6.5,0,No,Bachelor,Yes,High
STU1219,Rahul Verma,75.8,3.6,82.5,52.3,57.7,69.4,6.2,1,Yes,High School,Yes,Medium
STU1220,Ritu Joshi,83.5,13.9,51.1,60.6,47.1,65.4,7.5,0,No,High School,Yes,Medium
STU1221,Karthik Malhotra,70.1,23.3,74.7,60.0,49.3,58.7,5.3,0,No,High School,Yes,Medium
STU1222,Kishore Rao,62.8,19.5,69.9,69.2,65.4,63.7,4.9,0,No,Doctorate,Yes,Medium
STU1223,Ashwin Bose,96.7,14.9,99.0,64.7,81.5,58.3,6.6,0,Yes,Bachelor,Yes,High
STU1224,Ramesh Bose,69.1,25.2,72.8,84.9,66.6,53.0,7.9,0,No,Master,Yes,High
STU1225,Kishore Singh,85.2,21.2,63.9,69.4,63.1,73.3,5.8,3,No,High School,Yes,Medium
STU1226,Sathish Gupta,96.1,21.7,73.4,54.9,55.4,72.4,8.0,2,Yes,Bachelor,Yes,High
STU1227,Deepa Sharma,78.3,13.1,71.9,61.6,47.5,61.6,7.4,1,Yes,High School,Yes,Medium
STU1228,Sathish Sharma,64.0,12.4,46.1,46.7,45.2,67.4,8.9,1,Yes,Bachelor,Yes,Low
STU1229,Vijay Kumar,73.5,4.1,77.3,53.3,64.5,57.8,6.0,2,Yes,Master,Yes,Medium
STU1230,Ashwin Joshi,90.2,14.2,68.0,61.9,70.0,93.9,5.1,4,No,Master,Yes,High
STU1231,Ajay Verma,78.9,22.5,71.7,59.8,56.6,49.8,7.7,1,No,Bachelor,Yes,Medium
STU1232,Karthik Sharma,59.1,14.6,60.6,64.1,48.0,33.3,7.3,0,No,Master,Yes,Medium
STU1233,Pooja Nair,84.4,19.1,57.8,65.2,52.1,79.4,7.2,1,No,High School,Yes,Medium
STU1234,Arun Patel,86.8,23.8,83.4,75.5,72.5,62.2,5.7,0,No,Bachelor,Yes,High
STU1235,Deepa Joshi,71.0,18.6,86.4,70.6,63.5,52.9,7.9,1,No,Bachelor,Yes,Medium
STU1236,Harish Singh,84.5,19.3,77.4,72.8,63.8,80.5,6.2,1,Yes,Master,Yes,High
STU1237,Enosh Pillai,79.4,6.5,48.5,54.6,52.5,62.7,7.2,3,No,High School,Yes,Medium
STU1238,Kishore Singh,73.2,13.7,78.3,68.2,57.3,73.0,6.4,1,Yes,Master,Yes,Medium
STU1239,Vijay Chopra,57.9,28.1,48.7,50.8,51.9,48.6,7.4,0,No,Bachelor,No,Low
STU1240,Ashwin Pillai,91.1,16.7,63.4,54.1,59.7,78.3,5.6,0,Yes,Bachelor,Yes,High
STU1241,Ashwin Das,86.6,29.3,83.3,73.8,54.4,66.8,7.6,0,No,High School,Yes,High
STU1242,Arun Murugan,84.2,10.9,80.5,51.9,57.7,61.3,7.8,0,No,Bachelor,Yes,Medium
STU1243,Pooja Joshi,97.6,17.6,77.9,68.5,51.7,95.9,7.1,0,Yes,Bachelor,Yes,High
STU1244,Bharath Nair,89.2,13.3,89.1,79.9,70.3,84.7,9.0,0,No,Bachelor,Yes,High
STU1245,Sneha Sharma,85.6,20.1,79.3,78.8,62.9,64.1,7.2,0,No,Master,No,High
STU1246,Ashwin Singh,45.0,22.3,45.8,62.6,46.8,45.2,8.1,4,Yes,Bachelor,Yes,Low
STU1247,Dayanithi Rao,92.8,20.2,67.2,69.8,54.3,90.4,7.1,0,Yes,Bachelor,Yes,Medium
STU1248,Enosh Singh,77.2,23.3,71.5,85.3,65.5,56.4,8.0,0,No,Master,Yes,High
STU1249,Sneha Kumar,80.4,15.9,69.9,69.3,63.4,58.9,5.2,0,Yes,Bachelor,Yes,High
STU1250,Ritu Rao,80.5,14.7,64.0,66.8,58.0,73.0,7.0,1,Yes,Bachelor,Yes,High
STU1251,Sathish Bose,86.8,3.7,58.6,39.1,57.4,94.8,5.6,0,Yes,High School,Yes,Medium
STU1252,Sathish Sharma,91.7,20.5,99.0,87.6,92.6,75.6,7.2,1,Yes,Bachelor,Yes,High
STU1253,Gokul Singh,84.9,17.2,66.9,65.3,58.8,81.4,7.5,0,Yes,Bachelor,Yes,Medium
STU1254,Karthik Reddy,82.7,15.5,99.0,73.3,76.5,59.4,8.0,1,Yes,Master,Yes,High
STU1255,Pooja Joshi,79.2,14.7,57.2,54.1,44.3,71.1,7.6,2,Yes,High School,Yes,Medium
STU1256,Dayanithi Kumar,45.0,15.7,80.5,62.2,49.4,43.4,6.6,0,Yes,High School,Yes,Medium
STU1257,Ramesh Das,72.0,14.3,75.0,73.6,68.3,81.9,6.1,0,No,Bachelor,Yes,High
STU1258,Gokul Murugan,62.8,12.3,60.0,56.2,55.5,73.7,4.2,1,No,High School,No,Low
STU1259,Meena Patel,93.0,17.7,65.9,57.9,50.3,98.6,7.1,2,Yes,Bachelor,Yes,Medium
STU1260,Kishore Sharma,84.7,19.4,71.8,59.2,49.8,63.9,8.4,1,No,Bachelor,Yes,High
STU1261,Akashraj Bose,69.6,10.6,61.0,57.1,46.5,62.1,7.1,1,Yes,Bachelor,Yes,Medium
STU1262,Manoj Singh,71.0,13.2,68.7,57.5,53.9,66.4,6.9,2,No,Master,Yes,High
STU1263,Deepa Patel,70.5,14.6,41.3,45.6,37.2,55.7,7.2,1,Yes,Bachelor,Yes,Low
STU1264,Akashraj Sharma,70.2,16.0,81.2,56.0,61.1,63.4,6.5,0,No,Bachelor,Yes,Medium
STU1265,Divya Rao,55.8,15.1,88.0,76.9,71.2,62.6,7.2,0,No,High School,Yes,Medium
STU1266,Manoj Murugan,52.7,20.6,77.9,67.4,61.0,46.1,6.5,2,Yes,Bachelor,No,Medium
STU1267,Tharun Menon,76.4,4.4,99.0,58.6,73.4,58.8,5.9,3,Yes,Master,Yes,High
STU1268,Deepa Pillai,91.1,5.7,80.9,58.6,46.9,67.0,6.9,4,No,High School,Yes,Medium
STU1269,Priya Bose,68.5,17.4,86.9,74.6,54.7,47.7,6.9,3,Yes,Bachelor,Yes,High
STU1270,Meena Patel,80.2,11.8,88.1,67.6,61.6,76.7,9.3,2,Yes,High School,Yes,High
STU1271,Dayanithi Chopra,86.3,22.2,40.0,55.8,39.8,64.7,6.0,1,Yes,High School,No,Medium
STU1272,Sathish Verma,62.1,24.2,77.5,70.9,65.8,49.1,6.8,2,Yes,High School,Yes,Medium
STU1273,Tharun Rao,75.7,17.6,54.0,46.9,40.8,70.7,6.7,0,Yes,High School,Yes,Medium
STU1274,Sathish Kumar,66.7,8.5,56.6,60.3,53.9,59.9,6.5,1,Yes,Master,Yes,Low
STU1275,Harish Gupta,98.5,23.4,58.9,48.9,48.0,73.8,7.6,0,Yes,Bachelor,No,Medium
STU1276,Vikram Reddy,97.9,17.4,67.9,66.3,52.5,86.8,9.7,0,Yes,High School,Yes,High
STU1277,Sathish Malhotra,62.1,5.6,80.5,65.5,52.1,51.6,6.6,2,No,Bachelor,Yes,Medium
STU1278,Karthik Subramanian,81.4,6.2,77.6,58.0,76.6,47.1,7.6,1,No,High School,Yes,Medium
STU1279,Tharun Reddy,90.9,26.6,71.8,72.5,57.1,87.9,4.7,0,No,Bachelor,Yes,High
STU1280,Ajay Reddy,87.9,25.5,81.4,70.6,71.0,64.5,6.5,0,No,High School,Yes,High
STU1281,Ananya Singh,77.1,2.0,82.2,62.0,52.0,59.1,8.9,3,No,High School,Yes,High
STU1282,Sanjay Patel,94.3,6.5,77.8,68.0,75.0,69.4,6.9,1,No,Master,Yes,High
STU1283,Ramesh Patel,63.3,24.0,49.6,52.9,46.4,58.6,7.6,1,No,High School,Yes,Medium
STU1284,Pooja Reddy,71.8,15.9,62.4,64.9,55.5,60.3,6.3,0,Yes,Master,Yes,Medium
STU1285,Meena Chopra,63.7,20.9,72.3,80.0,62.6,68.1,7.3,0,No,Bachelor,Yes,Medium
STU1286,Vikram Singh,87.0,15.6,81.5,69.1,69.4,88.7,9.0,0,Yes,High School,Yes,High
STU1287,Deepa Chopra,67.8,20.6,54.7,55.2,53.2,53.9,5.6,1,No,Bachelor,Yes,Medium
STU1288,Dayanithi Menon,73.6,16.0,71.9,81.5,57.3,54.8,9.6,2,Yes,Bachelor,Yes,Medium
STU1289,Dayanithi Patel,84.6,12.9,51.6,54.1,44.2,65.5,5.1,0,No,High School,Yes,Medium
STU1290,Sanjay Chopra,85.8,23.4,85.3,75.0,68.7,75.9,6.4,0,Yes,High School,Yes,High
STU1291,Ramesh Das,63.3,17.4,75.2,67.5,63.2,56.8,6.0,0,Yes,High School,Yes,Medium
STU1292,Pooja Menon,90.8,20.6,54.5,62.7,52.5,69.5,6.7,1,Yes,Master,No,Medium
STU1293,Varun Bose,82.4,17.1,54.4,54.3,55.2,56.5,6.0,0,Yes,Bachelor,Yes,Medium
STU1294,Ramesh Reddy,60.9,12.6,77.0,64.9,62.6,34.5,5.9,1,Yes,High School,Yes,Low
STU1295,Deepa Gupta,57.4,27.3,89.9,85.0,66.0,44.4,5.6,1,Yes,Master,Yes,High
STU1296,Harish Murugan,75.8,18.5,57.7,56.2,38.2,78.1,7.8,2,Yes,High School,Yes,Medium
STU1297,Sanjay Nair,87.9,13.5,82.2,62.6,61.4,77.1,6.7,1,Yes,High School,Yes,High
STU1298,Kishore Pillai,88.3,24.9,65.0,63.6,69.6,71.1,6.4,0,No,High School,No,High
STU1299,Ritu Bose,81.0,6.8,82.7,53.4,64.5,75.9,7.3,1,Yes,Bachelor,Yes,High
STU1300,Sathish Deshmukh,76.7,31.7,80.9,70.9,59.5,53.1,5.2,1,Yes,High School,Yes,High
STU1301,Pooja Singh,83.2,14.7,74.0,57.6,61.1,70.5,7.4,0,No,Bachelor,Yes,Medium
STU1302,Rahul Murugan,64.0,7.1,48.2,48.5,47.3,40.5,6.9,1,No,Master,Yes,Low
STU1303,Ajay Das,99.6,29.3,80.9,81.6,65.7,83.2,6.9,3,Yes,High School,Yes,High
STU1304,Varun Reddy,99.4,12.8,78.5,75.7,76.5,82.2,7.6,0,Yes,High School,Yes,High
STU1305,Bharath Joshi,82.0,17.7,77.3,67.0,66.0,72.0,9.0,1,No,Bachelor,Yes,High
STU1306,Ajay Nair,78.8,21.0,74.5,71.1,53.8,79.0,7.4,2,Yes,Bachelor,Yes,High
STU1307,Karthik Rao,70.2,24.3,60.6,65.8,58.7,69.9,6.8,1,Yes,Master,Yes,Medium
STU1308,Sathish Nair,83.4,18.1,86.1,53.6,61.2,58.0,5.6,2,No,Bachelor,Yes,High
STU1309,Swetha Singh,66.3,11.5,83.7,56.2,59.3,71.6,4.1,0,Yes,High School,Yes,Medium
STU1310,Rahul Subramanian,45.0,17.5,58.0,64.8,39.8,44.9,7.2,0,No,High School,Yes,Low
STU1311,Manoj Malhotra,45.0,13.1,89.1,75.4,67.5,30.0,5.5,1,Yes,High School,Yes,Medium
STU1312,Vijay Murugan,64.8,17.7,73.7,71.8,57.8,57.8,4.0,2,No,Bachelor,Yes,Medium
STU1313,Sanjay Rao,78.2,27.4,73.7,69.5,65.5,73.4,6.6,4,No,High School,Yes,High
STU1314,Sathish Murugan,80.6,21.3,69.7,49.7,51.6,58.2,7.3,0,Yes,High School,Yes,High
STU1315,Ramesh Iyer,69.2,17.4,71.0,55.6,50.5,74.8,7.9,1,No,Bachelor,Yes,Medium
STU1316,Vikram Pillai,78.0,21.2,89.8,66.6,62.2,57.6,8.3,0,No,High School,Yes,High
STU1317,Karthik Verma,72.2,21.7,85.4,77.2,69.3,58.5,8.1,0,Yes,Bachelor,Yes,High
STU1318,Ananya Gupta,62.0,8.5,85.2,61.3,56.7,50.6,8.1,0,No,High School,Yes,High
STU1319,Meena Kumar,75.2,16.3,74.4,78.1,60.8,48.0,5.2,0,Yes,Master,Yes,Medium
STU1320,Arun Singh,87.4,33.9,83.6,90.5,67.4,62.5,6.8,0,No,High School,Yes,High
STU1321,Kavitha Bose,62.6,24.5,61.2,77.6,57.1,50.4,7.7,0,Yes,Master,Yes,Medium
STU1322,Divya Joshi,62.6,12.5,79.6,57.0,46.0,56.3,7.1,0,Yes,High School,Yes,Medium
STU1323,Karthik Sharma,61.0,11.8,70.0,64.0,56.7,30.0,6.8,5,Yes,Bachelor,Yes,Medium
STU1324,Enosh Das,48.9,11.5,45.2,46.2,50.3,56.5,7.0,2,Yes,High School,Yes,Low
STU1325,Ramesh Nair,69.3,22.1,51.4,61.4,56.2,68.6,7.3,0,Yes,Bachelor,No,Medium
STU1326,Ajay Menon,86.0,27.3,63.4,60.3,51.3,83.4,6.9,3,No,High School,Yes,High
STU1327,Sneha Reddy,78.4,20.1,77.4,77.8,67.6,52.1,6.0,1,No,Bachelor,Yes,High
STU1328,Kavitha Bose,73.6,17.1,63.4,54.3,54.4,61.2,5.0,3,Yes,Bachelor,No,Low
STU1329,Tharun Murugan,77.8,12.9,64.3,42.9,61.4,76.1,6.8,0,Yes,Bachelor,Yes,Medium
STU1330,Enosh Nair,69.2,18.3,81.9,85.0,48.4,71.8,7.1,1,No,Bachelor,Yes,High
STU1331,Varun Rao,48.7,10.3,64.8,60.6,57.6,64.0,7.1,3,Yes,High School,Yes,Medium
STU1332,Sathish Bose,87.0,2.4,89.3,53.6,64.3,73.2,8.1,0,Yes,High School,Yes,High
STU1333,Vikram Patel,91.0,27.5,87.1,75.0,64.9,74.0,8.4,3,Yes,Bachelor,Yes,High
STU1334,Karthik Menon,65.8,9.0,72.3,54.7,49.6,43.9,6.9,2,Yes,High School,Yes,Medium
STU1335,Meena Das,73.9,13.7,81.8,66.0,53.8,75.0,6.9,5,Yes,High School,Yes,High
STU1336,Kishore Verma,72.7,20.6,80.0,75.8,59.6,59.0,7.7,0,No,High School,Yes,Medium
STU1337,Tharun Gupta,80.9,26.0,68.8,73.3,52.2,68.9,7.5,0,No,High School,Yes,Medium
STU1338,Vikram Sharma,99.7,17.8,83.2,71.0,70.3,79.5,6.5,0,Yes,Bachelor,Yes,High
STU1339,Rahul Menon,92.2,7.6,85.1,63.6,71.3,51.4,7.8,4,No,Bachelor,Yes,High
STU1340,Kishore Chopra,70.7,13.9,59.6,65.8,50.6,54.3,6.8,0,No,Master,Yes,Low
STU1341,Ajay Sharma,83.6,11.3,74.0,46.0,67.6,74.7,6.8,1,Yes,Bachelor,No,Medium
STU1342,Kavitha Iyer,93.6,15.7,73.9,58.0,57.4,75.7,7.5,0,Yes,Master,Yes,High
STU1343,Sathish Murugan,81.7,24.6,83.0,65.1,62.5,73.6,6.6,0,Yes,Bachelor,Yes,High
STU1344,Karthik Menon,75.9,2.0,66.2,60.7,51.9,73.4,7.1,0,Yes,Master,Yes,Medium
STU1345,Tharun Deshmukh,82.2,13.1,64.2,52.6,58.0,61.1,7.4,1,Yes,Master,Yes,High
STU1346,Bharath Joshi,66.2,12.6,74.2,52.0,60.3,54.6,8.0,2,Yes,Bachelor,Yes,Medium
STU1347,Enosh Subramanian,68.2,7.2,87.4,68.7,68.5,59.5,7.9,0,Yes,Bachelor,Yes,High
STU1348,Kishore Singh,61.1,20.1,56.4,52.4,45.7,64.4,7.3,3,No,High School,No,Medium
STU1349,Sneha Patel,80.3,6.1,58.7,49.3,40.9,65.8,4.0,1,No,High School,Yes,Low
STU1350,Harish Das,74.2,6.9,65.2,74.3,54.9,46.7,7.3,1,Yes,Doctorate,Yes,Medium
STU1351,Ajay Malhotra,64.5,22.0,67.5,71.5,66.3,56.7,7.5,1,No,Doctorate,Yes,High
STU1352,Vijay Gupta,73.7,26.5,49.0,58.8,53.8,71.6,7.7,0,No,Bachelor,Yes,Medium
STU1353,Ramesh Pillai,82.6,15.5,91.5,69.9,71.7,83.1,5.9,0,No,Master,Yes,Medium
STU1354,Vijay Sharma,100.0,7.5,70.3,64.9,59.4,82.8,4.5,2,Yes,Master,Yes,High
STU1355,Bharath Patel,90.2,11.1,68.4,64.3,59.3,59.3,8.0,0,Yes,Bachelor,No,High
STU1356,Pooja Subramanian,45.0,23.1,93.1,76.7,62.4,42.9,5.5,1,No,Bachelor,Yes,Medium
STU1357,Deepa Rao,79.4,16.8,81.3,68.4,72.5,72.4,8.5,0,Yes,Bachelor,Yes,High
STU1358,Pooja Verma,96.0,15.3,65.0,48.3,49.8,86.3,6.3,2,Yes,Bachelor,No,High
STU1359,Kavitha Murugan,57.3,18.2,74.1,52.0,60.2,59.5,5.8,0,No,High School,Yes,Medium
STU1360,Gokul Verma,83.7,15.7,71.5,61.6,55.4,67.7,7.4,1,No,Bachelor,Yes,High
STU1361,Sathish Reddy,72.7,26.8,90.8,72.3,77.3,72.2,7.7,0,No,Bachelor,No,High
STU1362,Sathish Verma,92.1,10.8,69.8,64.1,63.3,68.9,7.7,5,Yes,Bachelor,Yes,High
STU1363,Sathish Malhotra,81.7,10.0,53.3,53.9,43.8,70.9,7.6,0,Yes,Master,Yes,Low
STU1364,Kishore Singh,63.6,6.3,47.6,41.6,38.7,65.7,6.2,1,No,High School,Yes,Low
STU1365,Sanjay Reddy,73.2,12.2,91.2,70.1,72.9,69.7,5.2,1,Yes,High School,Yes,High
STU1366,Varun Chopra,74.0,8.4,61.7,51.4,47.5,70.4,6.5,2,Yes,Master,Yes,Medium
STU1367,Sanjay Sharma,74.3,17.5,80.7,84.3,66.3,70.3,5.6,0,Yes,Bachelor,Yes,High
STU1368,Bharath Das,91.7,16.1,72.9,66.9,58.6,64.5,7.5,2,No,High School,Yes,High
STU1369,Karthik Joshi,64.2,8.4,66.6,44.2,62.4,58.7,8.0,0,No,Bachelor,Yes,Medium
STU1370,Tharun Menon,90.0,20.1,68.6,79.1,76.0,64.9,7.2,0,No,Bachelor,Yes,High
STU1371,Swetha Patel,71.8,26.6,92.6,72.9,79.1,60.2,7.0,1,Yes,Master,Yes,High
STU1372,Tharun Iyer,79.1,18.5,53.2,49.6,46.8,55.8,6.6,2,Yes,Bachelor,Yes,Medium
STU1373,Meena Bose,77.0,2.0,67.0,70.1,54.8,69.6,8.2,1,Yes,High School,Yes,High
STU1374,Arun Deshmukh,75.7,29.9,83.8,79.2,61.3,45.8,4.8,3,No,Bachelor,Yes,High
STU1375,Ajay Kumar,75.8,21.2,55.3,65.4,62.0,71.7,5.6,0,Yes,Master,Yes,Medium
STU1376,Ananya Malhotra,96.4,29.7,89.1,84.3,80.3,78.0,9.2,3,Yes,Bachelor,Yes,High
STU1377,Varun Menon,87.8,23.6,83.6,71.0,74.0,91.7,5.5,0,No,Master,Yes,High
STU1378,Arun Sharma,70.9,25.0,75.5,65.6,57.8,60.5,7.6,1,Yes,High School,Yes,Medium
STU1379,Enosh Sharma,98.2,17.4,65.5,58.4,46.0,76.9,7.9,1,Yes,Master,Yes,Medium
STU1380,Meena Deshmukh,79.8,14.2,53.6,67.8,40.9,74.7,4.7,1,No,Bachelor,Yes,Medium
STU1381,Ramesh Subramanian,81.0,18.6,81.2,70.3,65.2,67.1,4.9,0,Yes,Bachelor,Yes,Medium
STU1382,Bharath Chopra,64.3,11.0,99.0,81.7,68.5,61.3,8.5,1,Yes,High School,Yes,High
STU1383,Karthik Sharma,69.0,19.0,73.9,65.3,53.9,71.3,5.8,0,Yes,Master,Yes,Medium
STU1384,Priya Gupta,66.4,2.0,48.3,39.5,43.7,57.2,5.9,0,Yes,Bachelor,Yes,Low
STU1385,Rahul Sharma,77.2,16.3,77.9,54.4,66.5,78.3,6.4,0,Yes,Master,Yes,High
STU1386,Bharath Joshi,84.9,25.4,83.2,78.7,63.1,54.1,5.8,1,No,Bachelor,No,High
STU1387,Dayanithi Iyer,81.1,16.7,60.1,72.6,46.6,84.7,7.6,0,Yes,High School,Yes,Medium
STU1388,Kishore Chopra,98.2,28.1,63.6,60.2,53.1,61.0,5.6,0,No,High School,Yes,High
STU1389,Arun Singh,63.6,14.2,62.3,62.5,44.4,71.7,4.6,0,Yes,Bachelor,Yes,Medium
STU1390,Kavitha Patel,77.6,23.0,65.1,53.8,57.8,47.9,8.4,0,Yes,Bachelor,Yes,Medium
STU1391,Bharath Singh,58.0,9.9,69.8,54.4,52.4,74.6,5.6,2,Yes,Bachelor,Yes,Medium
STU1392,Bharath Singh,63.1,22.7,60.8,65.1,64.6,59.5,6.1,3,No,Bachelor,Yes,Medium
STU1393,Ananya Rao,93.7,17.6,55.9,44.1,55.5,66.8,8.0,0,Yes,Master,Yes,High
STU1394,Harish Chopra,69.5,14.5,74.3,63.3,71.0,80.4,7.1,1,No,High School,Yes,Medium
STU1395,Bharath Pillai,64.8,2.0,69.6,47.3,42.3,48.0,8.3,1,No,High School,Yes,Medium
STU1396,Sanjay Pillai,46.2,14.2,66.3,64.9,30.0,45.4,8.0,1,No,Master,Yes,Low
STU1397,Akashraj Bose,64.6,17.5,73.1,63.4,58.6,84.8,6.5,1,No,Bachelor,Yes,Medium
STU1398,Karthik Menon,73.1,21.8,52.2,66.5,50.4,67.8,8.2,0,Yes,Bachelor,Yes,Medium
STU1399,Sneha Sharma,57.0,26.9,75.4,69.1,56.9,33.9,7.2,1,No,Bachelor,Yes,High
STU1400,Ramesh Verma,72.3,30.2,66.6,58.9,55.1,60.6,6.3,0,No,Bachelor,Yes,Medium
STU1401,Priya Verma,93.8,24.7,75.1,58.0,53.9,72.7,7.3,0,No,High School,No,High
STU1402,Vikram Kumar,66.1,12.1,77.2,47.9,59.8,61.5,5.4,1,Yes,Bachelor,Yes,Medium
STU1403,Enosh Patel,62.8,13.9,86.7,73.1,69.8,57.2,8.0,1,No,Doctorate,Yes,High
STU1404,Varun Malhotra,60.3,21.2,73.3,87.5,52.6,61.6,7.8,0,Yes,Bachelor,Yes,Medium
STU1405,Deepa Sharma,60.0,19.6,85.9,74.6,61.6,40.7,7.1,1,Yes,High School,Yes,High
STU1406,Enosh Murugan,83.5,27.4,67.8,81.9,59.5,64.6,4.7,2,No,Bachelor,Yes,High
STU1407,Arun Chopra,76.7,33.4,68.4,81.5,55.8,69.1,8.4,2,No,Bachelor,Yes,High
STU1408,Pooja Deshmukh,89.4,31.9,70.8,68.3,53.0,66.0,7.5,1,No,High School,Yes,High
STU1409,Dayanithi Deshmukh,100.0,26.5,82.1,83.9,71.3,91.0,7.0,1,No,Master,Yes,High
STU1410,Arun Pillai,50.4,19.7,80.2,65.1,59.8,42.8,6.8,1,Yes,High School,Yes,Medium
STU1411,Priya Subramanian,81.3,25.4,73.8,66.1,56.4,70.2,6.4,0,Yes,Master,Yes,High
STU1412,Harish Nair,60.3,27.6,56.0,62.3,40.6,55.1,6.6,0,No,Bachelor,Yes,Medium
STU1413,Kavitha Kumar,87.0,15.0,80.0,64.7,67.0,62.1,7.9,0,Yes,Bachelor,Yes,Medium
STU1414,Kavitha Malhotra,72.2,12.3,60.8,62.0,47.0,63.9,6.4,1,No,Bachelor,Yes,High
STU1415,Priya Malhotra,76.4,10.6,60.1,50.0,48.3,52.7,6.7,1,Yes,High School,Yes,Medium
STU1416,Ashwin Deshmukh,58.0,9.9,57.2,60.9,45.0,50.4,6.8,4,Yes,Bachelor,Yes,Medium
STU1417,Varun Bose,70.0,6.3,70.9,64.1,65.7,62.3,6.9,2,Yes,Doctorate,Yes,Medium
STU1418,Priya Das,77.3,17.7,87.8,73.5,62.7,52.1,6.3,0,Yes,Bachelor,Yes,High
STU1419,Ajay Iyer,95.0,9.0,59.5,69.7,69.4,83.2,6.8,0,No,Bachelor,Yes,Medium
STU1420,Akashraj Deshmukh,64.9,10.5,93.8,79.1,74.7,61.5,7.4,0,Yes,Doctorate,Yes,High
STU1421,Kishore Rao,68.3,20.9,83.8,79.6,78.3,66.3,5.9,2,Yes,High School,Yes,High
STU1422,Harish Chopra,89.2,17.3,53.0,57.1,55.5,73.5,6.8,2,No,High School,Yes,Medium
STU1423,Arun Reddy,64.0,19.0,67.0,66.0,53.0,46.9,9.3,5,Yes,High School,Yes,Medium
STU1424,Ananya Chopra,92.0,25.6,58.5,68.0,49.6,75.2,6.9,1,No,Bachelor,Yes,Medium
STU1425,Ananya Chopra,75.9,22.1,80.6,70.6,61.2,71.8,5.9,2,Yes,Master,Yes,High
STU1426,Kishore Das,80.2,26.6,59.2,61.6,63.4,56.2,5.7,1,Yes,Bachelor,Yes,Medium
STU1427,Gokul Singh,81.1,16.6,50.9,36.1,44.0,57.6,5.5,3,No,Master,No,Medium
STU1428,Priya Iyer,67.4,27.3,67.8,74.2,61.8,58.0,9.0,2,No,Bachelor,Yes,Medium
STU1429,Bharath Kumar,81.5,18.5,87.2,79.3,70.8,65.2,8.2,1,Yes,Bachelor,Yes,High
STU1430,Karthik Subramanian,65.2,17.2,69.5,53.8,55.2,59.0,5.5,1,No,High School,Yes,Medium
STU1431,Manoj Joshi,69.0,26.2,77.2,76.4,64.1,58.5,7.3,2,No,Master,Yes,High
STU1432,Manoj Bose,83.8,9.9,77.7,57.3,64.6,71.9,8.5,0,Yes,High School,Yes,High
STU1433,Vijay Joshi,80.1,30.2,52.3,61.1,44.1,80.3,7.0,0,Yes,Bachelor,Yes,Medium
STU1434,Manoj Joshi,75.0,14.0,60.3,68.0,51.9,70.4,6.4,0,Yes,High School,No,Medium
STU1435,Divya Reddy,58.4,7.5,72.1,50.4,54.9,55.6,9.7,1,Yes,High School,Yes,Medium
STU1436,Divya Reddy,61.9,20.6,64.8,55.3,52.2,46.1,4.7,1,Yes,Bachelor,Yes,Medium
STU1437,Gokul Patel,79.9,13.4,94.2,85.2,70.2,60.7,10.0,0,No,High School,No,High
STU1438,Rahul Malhotra,86.2,30.2,56.0,64.4,56.1,80.1,7.1,0,Yes,Master,Yes,Medium
STU1439,Tharun Bose,60.5,13.0,60.2,66.9,45.7,51.6,8.5,0,No,Bachelor,No,Medium
STU1440,Harish Singh,64.2,18.2,75.8,53.5,47.5,48.8,5.6,1,Yes,Bachelor,Yes,Medium
STU1441,Meena Rao,77.9,6.0,63.8,42.0,52.8,87.7,6.1,0,No,Bachelor,Yes,Low
STU1442,Tharun Iyer,77.6,21.7,40.0,46.7,32.5,81.8,5.7,0,No,Bachelor,Yes,Low
STU1443,Akashraj Singh,53.3,10.6,97.2,66.4,68.3,50.7,6.9,0,Yes,Master,Yes,Medium
STU1444,Sanjay Murugan,78.3,20.9,58.0,49.5,36.0,56.2,7.4,0,Yes,High School,Yes,Medium
STU1445,Sathish Pillai,67.6,13.0,79.3,67.5,55.9,67.8,8.3,2,Yes,High School,Yes,Medium
STU1446,Priya Chopra,99.0,2.0,55.7,52.0,50.5,74.5,4.9,0,No,High School,Yes,Medium
STU1447,Swetha Menon,79.5,16.9,60.8,52.3,40.5,76.6,7.2,2,Yes,Master,Yes,High
STU1448,Varun Gupta,81.9,16.6,50.9,48.8,44.4,64.2,8.1,1,Yes,Doctorate,No,Medium
STU1449,Sathish Deshmukh,82.3,22.2,62.4,57.8,62.3,85.8,8.3,4,No,High School,Yes,Medium
STU1450,Ajay Deshmukh,59.0,26.9,63.6,57.3,41.5,50.2,6.5,0,No,Bachelor,Yes,Low
STU1451,Gokul Subramanian,100.0,29.4,70.3,47.6,56.2,100.0,6.5,0,Yes,High School,Yes,High
STU1452,Pooja Chopra,53.3,22.0,67.2,64.4,64.4,53.9,6.9,0,Yes,High School,Yes,High
STU1453,Sathish Reddy,87.1,18.0,53.3,53.7,42.5,86.1,7.2,0,No,Bachelor,No,Medium
STU1454,Akashraj Verma,84.7,6.0,65.2,52.1,64.4,65.4,8.6,1,No,High School,Yes,Medium
STU1455,Ramesh Patel,69.3,17.4,90.8,63.7,63.8,48.5,5.5,0,Yes,Bachelor,Yes,High
STU1456,Tharun Das,85.3,17.5,89.3,77.7,71.4,48.1,6.1,0,Yes,Bachelor,Yes,High
STU1457,Vijay Deshmukh,71.6,14.6,77.9,84.3,73.5,75.7,5.4,3,No,Bachelor,Yes,High
STU1458,Gokul Pillai,66.5,20.4,80.6,62.8,57.1,60.6,7.5,1,No,Bachelor,Yes,High
STU1459,Sathish Pillai,82.6,23.9,98.8,90.1,81.4,57.1,8.3,0,No,Bachelor,Yes,High
STU1460,Gokul Kumar,61.9,10.3,79.4,65.9,65.9,70.3,5.3,0,Yes,Bachelor,Yes,Medium
STU1461,Karthik Pillai,72.9,10.2,80.4,63.6,57.1,75.3,7.1,0,Yes,High School,Yes,High
STU1462,Varun Bose,67.7,15.0,51.7,51.9,40.2,74.4,8.2,4,No,Bachelor,Yes,Medium
STU1463,Vikram Patel,71.3,11.7,57.5,54.4,47.6,49.4,7.9,2,Yes,High School,Yes,Medium
STU1464,Vijay Pillai,82.1,4.5,71.6,65.5,58.3,81.7,7.9,2,Yes,High School,Yes,High
STU1465,Manoj Deshmukh,67.7,9.0,61.5,45.9,41.1,64.5,5.6,3,Yes,Bachelor,Yes,Medium
STU1466,Kishore Menon,73.3,7.4,59.0,50.8,45.0,78.3,7.9,1,Yes,Master,Yes,Medium
STU1467,Meena Iyer,69.0,24.5,60.5,73.9,30.0,66.8,6.8,0,Yes,High School,Yes,Medium
STU1468,Rahul Bose,96.2,27.9,53.5,71.0,52.8,79.5,8.3,0,No,High School,Yes,High
STU1469,Vijay Singh,80.8,8.3,61.7,45.7,57.3,81.1,7.5,2,No,High School,Yes,Medium
STU1470,Kishore Rao,79.1,19.8,76.4,66.0,49.8,76.0,6.0,3,No,Bachelor,Yes,High
STU1471,Vikram Chopra,85.6,22.1,95.4,82.2,71.1,82.2,7.3,0,No,Bachelor,Yes,High
STU1472,Vikram Murugan,67.7,5.6,82.4,66.6,79.3,55.7,8.0,1,Yes,High School,Yes,High
STU1473,Ajay Chopra,88.0,17.1,80.3,75.2,66.4,71.1,6.4,4,Yes,Master,Yes,High
STU1474,Karthik Das,80.8,33.7,50.9,68.7,60.3,51.1,7.2,0,Yes,Bachelor,Yes,High
STU1475,Ajay Reddy,54.1,20.7,73.6,71.3,49.8,46.9,5.4,3,Yes,Bachelor,Yes,Medium
STU1476,Ananya Patel,56.0,14.3,71.1,64.8,57.9,61.5,7.7,0,No,Bachelor,Yes,Medium
STU1477,Sanjay Menon,68.0,12.1,75.8,75.2,52.8,66.4,6.9,1,Yes,Bachelor,Yes,High
STU1478,Meena Deshmukh,57.5,2.0,67.3,49.7,53.1,44.7,8.1,0,Yes,Bachelor,Yes,Medium
STU1479,Sneha Deshmukh,72.7,19.3,93.6,74.4,75.6,76.4,7.6,1,No,Bachelor,Yes,High
STU1480,Enosh Kumar,61.8,29.6,72.7,63.7,60.5,86.8,6.5,1,Yes,High School,Yes,High
STU1481,Vijay Verma,74.6,10.3,74.0,51.1,54.2,55.7,6.0,0,No,Bachelor,No,Medium
STU1482,Divya Chopra,95.8,2.5,46.5,47.7,49.2,75.4,5.7,3,Yes,Bachelor,Yes,Medium
STU1483,Deepa Bose,75.3,11.4,70.6,54.3,57.8,59.0,6.4,1,Yes,High School,Yes,Medium
STU1484,Ananya Gupta,71.8,22.2,86.9,72.6,70.9,62.1,8.1,2,Yes,High School,Yes,High
STU1485,Arun Iyer,81.4,13.0,79.2,77.4,64.5,71.6,4.9,0,No,High School,Yes,High
STU1486,Ritu Kumar,66.3,10.3,44.0,61.3,50.2,52.8,5.8,3,Yes,Master,Yes,Low
STU1487,Varun Menon,87.8,16.1,66.2,78.9,71.0,69.9,8.0,0,Yes,High School,Yes,High
STU1488,Kavitha Singh,82.9,17.6,94.5,86.5,72.1,70.6,8.6,0,Yes,Master,Yes,High
STU1489,Ajay Sharma,76.5,6.3,70.0,76.0,60.4,70.6,5.8,0,Yes,Bachelor,Yes,High
STU1490,Bharath Iyer,78.2,14.5,76.2,67.7,55.2,81.6,5.7,0,Yes,Master,Yes,Medium
STU1491,Kavitha Joshi,100.0,12.5,93.0,62.5,74.2,79.9,8.7,3,No,Bachelor,Yes,High
STU1492,Sneha Subramanian,89.2,11.5,70.0,51.9,59.9,67.9,6.9,0,No,Master,Yes,Medium
STU1493,Ashwin Gupta,100.0,8.9,82.3,74.4,69.8,87.0,5.9,0,No,High School,Yes,High
STU1494,Dayanithi Patel,83.4,22.6,77.3,69.9,64.3,74.0,8.3,2,Yes,Bachelor,Yes,High
STU1495,Harish Verma,55.4,11.5,80.1,64.9,72.2,51.3,7.6,1,Yes,High School,No,High
STU1496,Arun Reddy,72.3,2.0,76.9,52.6,37.6,68.2,7.9,2,Yes,Bachelor,Yes,Medium
STU1497,Gokul Iyer,52.2,17.9,64.9,58.3,46.5,47.5,6.0,0,Yes,Bachelor,Yes,Medium
STU1498,Priya Das,83.4,21.1,66.2,67.2,55.4,64.7,7.4,2,Yes,Bachelor,Yes,High
STU1499,Kishore Subramanian,86.4,10.4,60.9,47.2,62.2,52.8,8.5,0,Yes,Bachelor,Yes,High
STU1500,Sneha Deshmukh,63.6,12.1,50.7,54.6,48.2,54.9,7.8,5,No,High School,Yes,Medium
STU1501,Kavitha Chopra,66.8,11.5,88.2,79.3,70.7,42.5,8.1,1,No,Bachelor,Yes,Medium
STU1502,Ashwin Iyer,78.1,13.6,72.1,44.9,63.9,60.5,8.7,1,No,Bachelor,Yes,Medium
STU1503,Harish Kumar,59.2,23.7,87.5,61.9,60.9,61.3,7.5,0,No,High School,Yes,High
STU1504,Vijay Subramanian,58.2,15.2,92.3,76.4,71.6,39.9,6.3,0,Yes,Master,Yes,High
STU1505,Divya Bose,93.3,21.9,72.7,78.1,60.9,74.1,8.1,0,Yes,Doctorate,Yes,High
STU1506,Karthik Murugan,77.6,9.2,54.9,48.6,40.6,67.2,5.7,0,Yes,Master,Yes,Medium
STU1507,Arun Iyer,68.2,13.3,69.4,44.8,64.7,58.5,6.7,0,Yes,Master,Yes,Medium
STU1508,Sathish Reddy,52.3,22.7,63.3,75.4,55.3,46.6,7.7,2,Yes,High School,Yes,Medium
STU1509,Harish Das,87.9,10.4,46.3,43.3,49.4,76.0,4.0,0,Yes,Doctorate,Yes,Medium
STU1510,Akashraj Das,66.4,23.1,65.5,62.2,46.0,64.5,7.3,2,Yes,Bachelor,Yes,Medium
STU1511,Ramesh Murugan,100.0,11.6,71.1,63.0,65.7,80.0,7.4,0,No,High School,Yes,Medium
STU1512,Vijay Sharma,88.0,13.7,63.6,53.3,67.1,68.5,5.6,0,No,Master,Yes,Medium
STU1513,Sathish Pillai,64.7,27.7,62.0,59.4,49.2,67.5,7.4,2,Yes,High School,Yes,High
STU1514,Kavitha Singh,66.0,12.9,55.4,48.0,37.3,46.5,7.2,2,Yes,Bachelor,Yes,Low
STU1515,Ashwin Subramanian,100.0,17.0,74.5,79.9,68.3,86.9,7.0,1,Yes,High School,Yes,High
STU1516,Sneha Menon,74.8,20.3,96.3,85.0,66.2,69.1,8.4,0,No,Bachelor,Yes,High
STU1517,Manoj Patel,68.8,17.6,88.6,75.6,56.1,63.3,8.1,1,Yes,Bachelor,Yes,High
STU1518,Akashraj Iyer,76.4,17.8,80.5,50.4,54.5,65.7,7.8,0,No,Bachelor,Yes,Medium
STU1519,Meena Rao,68.7,15.6,80.8,71.3,59.2,42.3,5.8,0,No,High School,Yes,Medium
STU1520,Arun Rao,79.4,6.9,70.3,61.5,50.9,81.5,7.0,1,Yes,Bachelor,Yes,Medium
STU1521,Deepa Kumar,74.9,18.4,48.5,45.2,53.3,73.3,8.4,0,Yes,Bachelor,Yes,Medium
STU1522,Karthik Verma,88.3,10.9,67.2,60.5,71.0,63.4,6.7,0,Yes,High School,Yes,High
STU1523,Priya Das,70.6,21.4,59.4,70.0,57.4,69.9,8.9,3,Yes,Master,Yes,Medium
STU1524,Akashraj Singh,63.6,25.6,74.0,74.5,62.0,60.0,7.8,2,No,Bachelor,Yes,Medium
STU1525,Sanjay Chopra,71.1,3.4,88.0,56.8,62.4,56.8,9.1,0,Yes,Master,Yes,High
STU1526,Sanjay Subramanian,71.0,25.6,97.7,79.5,66.0,74.5,5.7,1,Yes,High School,Yes,High
STU1527,Vijay Iyer,74.9,13.1,72.8,67.8,70.6,60.6,6.8,0,No,High School,Yes,Medium
STU1528,Dayanithi Patel,84.9,15.1,50.3,54.7,48.0,84.5,6.9,2,Yes,High School,No,Medium
STU1529,Ashwin Chopra,84.1,9.6,72.8,69.9,58.2,75.8,7.7,1,Yes,Bachelor,Yes,High
STU1530,Arun Murugan,92.8,17.3,73.2,67.8,69.8,85.2,6.1,0,Yes,High School,Yes,High
STU1531,Meena Pillai,64.6,16.5,80.8,73.2,61.8,64.6,5.1,0,No,Bachelor,Yes,Medium
STU1532,Bharath Subramanian,81.4,23.5,71.8,74.4,68.3,74.2,7.5,0,No,Bachelor,No,Medium
STU1533,Sanjay Kumar,86.2,10.8,72.9,52.1,55.4,73.9,6.6,1,Yes,High School,Yes,Medium
STU1534,Deepa Patel,66.6,27.6,63.8,67.5,61.0,52.7,6.4,2,No,Bachelor,Yes,Medium
STU1535,Rahul Sharma,73.1,20.7,67.9,61.9,62.6,64.5,6.2,0,No,Doctorate,Yes,Medium
STU1536,Divya Verma,51.5,16.6,78.7,74.8,68.7,60.1,7.1,0,Yes,High School,Yes,High
STU1537,Manoj Gupta,88.7,14.7,45.9,55.9,42.4,80.4,5.7,0,No,Bachelor,Yes,Medium
STU1538,Arun Pillai,73.0,13.9,67.9,59.0,54.5,68.8,6.8,0,Yes,Bachelor,Yes,High
STU1539,Kishore Patel,87.3,14.3,80.9,55.7,76.5,51.4,6.0,0,No,Bachelor,Yes,High
STU1540,Bharath Singh,78.9,17.2,93.3,59.9,66.0,65.2,6.3,1,Yes,Master,Yes,High
STU1541,Arun Bose,73.4,14.5,66.8,62.9,61.2,60.9,7.4,1,No,Doctorate,No,Medium
STU1542,Varun Pillai,53.7,11.5,87.4,61.1,77.0,41.2,7.8,4,Yes,Bachelor,Yes,High
STU1543,Sathish Reddy,56.2,17.2,94.0,78.2,54.8,62.8,6.6,4,No,Bachelor,Yes,High
STU1544,Ajay Menon,45.0,10.1,67.0,44.7,45.0,30.0,8.2,1,Yes,Bachelor,Yes,Low
STU1545,Ananya Malhotra,68.1,18.3,64.7,74.6,56.0,69.2,5.8,2,No,Bachelor,Yes,Medium
STU1546,Divya Verma,100.0,14.4,69.6,66.8,49.6,93.3,5.2,4,Yes,High School,Yes,High
STU1547,Vikram Verma,58.0,20.9,70.9,66.7,52.2,52.7,5.4,0,No,Master,Yes,Medium
STU1548,Swetha Bose,45.0,22.9,86.2,86.7,57.2,46.3,5.7,0,No,Bachelor,Yes,Medium
STU1549,Tharun Iyer,89.5,22.9,61.9,71.1,63.7,83.4,5.4,0,Yes,High School,Yes,Medium
STU1550,Akashraj Deshmukh,100.0,18.2,92.0,68.9,60.6,72.4,9.4,1,No,High School,Yes,High
STU1551,Akashraj Chopra,80.2,19.0,61.6,61.7,67.3,74.7,5.1,2,Yes,Master,Yes,High
STU1552,Akashraj Deshmukh,80.0,13.7,55.6,39.7,51.8,58.8,8.1,0,No,High School,Yes,Medium
STU1553,Dayanithi Kumar,71.7,20.7,78.8,77.5,56.1,50.8,7.0,1,No,Bachelor,No,Medium
STU1554,Swetha Verma,50.9,21.5,88.0,70.7,69.8,53.5,7.3,1,Yes,High School,Yes,High
STU1555,Divya Bose,55.7,5.0,74.3,41.9,55.7,53.2,5.9,0,No,High School,Yes,Low
STU1556,Vikram Bose,71.6,18.6,77.7,57.8,58.8,45.7,7.4,0,Yes,High School,Yes,Medium
STU1557,Kavitha Iyer,68.9,25.6,97.4,86.3,68.1,75.5,5.9,0,Yes,Bachelor,Yes,High
STU1558,Rahul Nair,74.4,13.5,88.2,81.3,72.8,60.5,8.1,0,No,High School,Yes,High
STU1559,Harish Verma,87.6,12.0,72.4,61.3,61.0,77.7,8.2,2,No,Bachelor,Yes,High
STU1560,Ananya Das,67.9,13.1,66.4,51.6,47.3,76.8,6.8,2,Yes,Bachelor,Yes,Medium
STU1561,Vijay Deshmukh,87.9,5.5,86.2,51.4,55.0,75.2,6.9,2,Yes,Bachelor,Yes,Medium
STU1562,Tharun Sharma,67.9,16.9,82.8,79.6,59.1,73.5,7.5,2,No,Bachelor,Yes,High
STU1563,Ritu Nair,90.5,16.2,77.4,69.3,61.0,65.7,7.5,2,Yes,Bachelor,Yes,High
STU1564,Varun Reddy,77.2,17.4,67.7,59.9,64.1,80.5,8.2,1,No,Bachelor,Yes,High
STU1565,Tharun Iyer,69.9,18.9,71.0,60.2,62.2,53.7,8.2,1,No,Bachelor,Yes,High
STU1566,Ajay Sharma,77.0,10.4,70.1,64.7,54.8,60.5,7.0,1,Yes,Bachelor,Yes,Medium
STU1567,Tharun Singh,71.9,17.9,68.0,68.1,53.9,48.6,6.4,1,Yes,Doctorate,Yes,Medium
STU1568,Varun Sharma,77.6,19.1,64.2,55.0,60.4,69.2,8.0,0,Yes,Bachelor,Yes,Medium
STU1569,Ashwin Reddy,86.6,12.6,75.4,53.6,61.7,78.3,6.8,2,Yes,High School,Yes,High
STU1570,Enosh Kumar,74.8,18.9,63.6,53.0,54.1,72.5,7.1,0,No,Bachelor,Yes,High
STU1571,Ananya Singh,70.8,16.6,74.3,60.9,53.1,48.2,7.6,1,No,High School,Yes,Medium
STU1572,Varun Rao,60.3,11.6,44.7,44.3,38.7,59.9,8.2,0,No,High School,Yes,Low
STU1573,Akashraj Iyer,84.1,18.0,64.2,74.4,58.5,74.6,7.3,0,Yes,Bachelor,No,Medium
STU1574,Karthik Deshmukh,80.9,14.0,86.3,63.9,65.1,74.7,6.3,4,Yes,Bachelor,Yes,High
STU1575,Sneha Menon,59.5,20.9,60.3,51.7,53.0,48.0,9.2,0,No,Bachelor,Yes,Low
STU1576,Gokul Das,87.7,14.3,79.7,55.9,67.7,47.6,8.8,0,No,Master,Yes,High
STU1577,Gokul Deshmukh,59.2,7.0,61.4,52.3,42.0,62.6,5.8,0,No,Bachelor,Yes,Low
STU1578,Tharun Verma,90.4,17.9,82.1,54.0,60.1,72.8,5.9,2,Yes,High School,Yes,High
STU1579,Arun Deshmukh,85.6,17.6,68.1,62.3,53.3,74.2,6.1,1,No,Doctorate,Yes,Medium
STU1580,Sneha Murugan,81.9,8.4,67.6,46.4,63.8,68.2,8.0,1,Yes,Bachelor,Yes,Medium
STU1581,Karthik Kumar,70.7,21.3,72.7,76.1,76.1,64.8,9.2,2,No,Master,No,High
STU1582,Varun Bose,84.1,20.9,54.5,60.3,48.1,77.8,6.4,0,No,Master,Yes,Medium
STU1583,Harish Reddy,91.1,9.9,84.6,81.7,69.2,56.1,7.2,0,No,Master,Yes,High
STU1584,Sneha Subramanian,84.3,11.4,88.9,65.6,73.8,82.0,6.1,0,Yes,High School,Yes,High
STU1585,Varun Singh,66.6,15.0,67.3,35.9,44.2,58.1,9.0,2,No,High School,Yes,Medium
STU1586,Ritu Subramanian,79.7,10.7,78.8,74.6,70.4,84.1,8.0,1,Yes,Bachelor,Yes,Medium
STU1587,Ashwin Rao,91.8,20.5,82.1,74.2,67.7,70.5,6.0,0,No,Bachelor,Yes,High
STU1588,Divya Iyer,100.0,17.0,70.8,68.8,50.9,73.2,4.5,0,Yes,Bachelor,Yes,High
STU1589,Kavitha Verma,73.1,8.3,57.6,45.0,38.6,62.4,8.2,0,Yes,High School,Yes,Medium
STU1590,Dayanithi Deshmukh,88.0,10.2,92.7,67.9,68.3,77.8,6.3,1,Yes,High School,Yes,High
STU1591,Sathish Pillai,91.9,24.3,66.9,67.8,68.3,72.4,8.0,0,No,Bachelor,Yes,High
STU1592,Manoj Murugan,64.6,26.7,64.1,64.8,46.9,64.5,7.4,0,No,High School,Yes,Medium
STU1593,Sathish Menon,100.0,19.8,93.3,60.3,67.8,76.1,4.8,0,No,High School,Yes,High
STU1594,Divya Malhotra,61.1,14.5,79.9,87.8,65.7,57.0,6.0,1,No,High School,Yes,High
STU1595,Ajay Sharma,87.3,12.9,75.3,69.5,51.4,94.7,6.6,1,No,High School,Yes,High
STU1596,Vijay Verma,80.3,19.8,59.4,64.0,55.7,71.8,6.2,0,Yes,Bachelor,Yes,Medium
STU1597,Kishore Subramanian,76.8,16.5,82.4,78.4,55.4,70.5,7.1,1,No,Bachelor,Yes,High
STU1598,Deepa Murugan,100.0,4.7,99.0,72.6,80.5,65.3,7.5,1,No,High School,Yes,High
STU1599,Sneha Joshi,71.8,23.2,83.4,66.9,57.8,76.6,9.1,4,Yes,High School,Yes,High
STU1600,Sneha Singh,71.6,25.4,78.4,81.6,57.5,73.6,7.6,0,Yes,Bachelor,Yes,High
STU1601,Gokul Singh,94.6,21.2,81.4,77.1,70.5,69.6,8.8,1,Yes,High School,Yes,High
STU1602,Divya Rao,86.7,8.4,67.7,52.0,61.6,82.5,6.4,1,Yes,Master,Yes,High
STU1603,Ramesh Gupta,93.9,11.5,67.6,65.3,62.5,79.6,8.4,0,Yes,Bachelor,Yes,High
STU1604,Enosh Bose,77.6,3.0,67.4,51.8,55.7,67.0,6.5,2,Yes,Master,No,Medium
STU1605,Tharun Pillai,80.4,27.2,64.5,68.8,58.4,81.1,5.9,0,No,Bachelor,Yes,High
STU1606,Divya Gupta,100.0,13.5,67.4,64.9,63.5,74.9,5.8,0,Yes,Bachelor,Yes,Medium
STU1607,Enosh Subramanian,64.3,32.3,67.4,82.3,61.2,51.4,4.0,0,Yes,Bachelor,Yes,Medium
STU1608,Dayanithi Sharma,74.6,29.7,68.8,65.2,54.3,66.8,8.0,0,No,High School,Yes,Medium
STU1609,Swetha Singh,87.2,9.7,68.5,61.1,62.9,77.6,5.5,0,Yes,High School,Yes,Medium
STU1610,Bharath Pillai,73.3,11.0,75.2,77.8,56.6,73.6,8.7,1,Yes,High School,Yes,High
STU1611,Sneha Sharma,68.0,19.3,73.0,64.4,65.3,59.3,6.8,2,No,Bachelor,Yes,High
STU1612,Enosh Bose,84.7,3.7,74.2,58.5,65.4,62.3,5.1,2,Yes,High School,Yes,Medium
STU1613,Divya Deshmukh,94.7,12.9,91.8,85.6,90.3,100.0,5.7,0,Yes,High School,Yes,High
STU1614,Bharath Deshmukh,74.0,12.2,73.0,66.6,62.7,53.5,7.2,1,Yes,Bachelor,Yes,High
STU1615,Sanjay Gupta,73.6,29.0,99.0,70.2,77.8,64.7,4.7,3,No,Doctorate,Yes,High
STU1616,Ananya Das,66.9,17.1,76.6,59.5,47.2,67.9,7.7,0,No,High School,Yes,High
STU1617,Ajay Gupta,71.9,14.0,66.2,65.4,62.0,74.7,5.2,1,No,Bachelor,Yes,Medium
STU1618,Rahul Das,91.2,11.6,89.5,71.1,78.7,69.0,6.1,2,No,High School,Yes,High
STU1619,Ajay Subramanian,77.1,22.3,71.0,68.1,69.6,47.5,7.2,1,No,Master,Yes,High
STU1620,Kavitha Kumar,64.7,12.5,40.9,66.1,43.8,52.9,7.6,0,No,High School,Yes,Medium
STU1621,Vikram Malhotra,79.7,15.6,71.9,58.2,55.5,76.4,8.0,0,No,Master,Yes,Medium
STU1622,Varun Kumar,90.7,11.5,68.8,58.8,51.0,80.8,5.4,1,Yes,High School,Yes,Medium
STU1623,Varun Chopra,68.1,5.4,92.9,49.7,56.7,67.6,6.6,5,Yes,Master,Yes,Medium
STU1624,Manoj Murugan,57.4,9.0,60.3,63.8,49.8,61.6,8.3,0,No,High School,Yes,Medium
STU1625,Varun Bose,100.0,12.5,67.7,53.2,46.3,93.4,6.6,5,No,High School,No,High
STU1626,Enosh Nair,56.7,14.2,88.5,77.4,59.8,46.3,7.4,0,No,High School,Yes,Medium
STU1627,Ritu Iyer,71.0,14.5,77.1,72.2,62.2,50.6,7.2,0,Yes,High School,Yes,High
STU1628,Bharath Sharma,79.2,15.4,69.8,81.0,61.9,71.2,8.6,0,No,Master,Yes,Medium
STU1629,Ramesh Subramanian,72.2,12.6,62.2,62.6,46.4,52.8,6.4,1,No,Bachelor,No,Medium
STU1630,Enosh Malhotra,75.0,25.4,76.6,68.0,52.6,52.4,5.3,0,Yes,Bachelor,Yes,Medium
STU1631,Bharath Chopra,84.1,22.6,71.6,70.8,53.5,82.7,5.8,0,No,Doctorate,Yes,Medium
STU1632,Vikram Chopra,45.0,15.1,62.0,52.8,44.8,49.5,7.2,3,Yes,Bachelor,Yes,Medium
STU1633,Ritu Gupta,58.3,17.8,62.7,63.3,66.0,55.3,5.1,5,Yes,Doctorate,Yes,Medium
STU1634,Ramesh Das,76.6,13.4,61.4,56.0,59.7,66.5,6.3,0,Yes,High School,Yes,Medium
STU1635,Enosh Verma,70.3,2.0,59.1,49.3,50.3,61.1,7.1,0,Yes,Master,Yes,Medium
STU1636,Ramesh Nair,77.8,16.1,84.1,61.1,67.6,78.9,6.1,2,Yes,High School,Yes,High
STU1637,Akashraj Menon,79.2,18.1,82.4,71.2,72.3,52.4,7.4,1,No,Bachelor,Yes,High
STU1638,Ashwin Bose,46.4,4.7,84.2,68.1,64.4,32.3,7.9,0,Yes,Bachelor,Yes,Medium
STU1639,Varun Bose,93.8,19.5,72.1,52.3,57.2,66.9,7.5,4,Yes,Bachelor,Yes,High
STU1640,Ashwin Chopra,69.0,14.0,68.8,55.4,48.2,64.3,5.1,0,Yes,Bachelor,Yes,Low
STU1641,Karthik Joshi,63.9,18.4,69.1,65.0,54.4,76.4,7.1,1,Yes,Bachelor,Yes,Medium
STU1642,Divya Bose,78.9,14.2,85.3,48.9,69.0,76.0,7.2,0,Yes,Doctorate,Yes,High
STU1643,Meena Sharma,77.5,24.8,48.3,73.1,48.0,72.4,6.5,1,Yes,Doctorate,Yes,Medium
STU1644,Swetha Bose,92.8,17.6,65.3,56.0,49.1,74.9,7.4,0,No,Doctorate,No,Medium
STU1645,Vijay Malhotra,79.8,23.0,60.5,55.5,40.2,54.6,7.3,1,No,Doctorate,Yes,Medium
STU1646,Priya Chopra,92.2,23.6,89.7,73.4,70.3,80.5,6.9,4,Yes,Bachelor,No,High
STU1647,Meena Iyer,62.9,8.2,65.8,57.3,44.9,78.0,5.8,1,Yes,Doctorate,Yes,Medium
STU1648,Harish Reddy,78.0,10.8,50.7,45.7,42.5,64.4,7.0,1,Yes,Master,Yes,Low
STU1649,Akashraj Verma,60.4,19.2,74.9,74.3,69.3,50.6,9.2,0,Yes,Bachelor,Yes,High
STU1650,Tharun Nair,77.4,13.4,67.2,63.1,56.0,64.1,6.5,3,No,Bachelor,Yes,Medium
STU1651,Rahul Rao,74.4,14.3,64.8,52.8,47.5,70.6,8.3,4,No,Master,Yes,Medium
STU1652,Ananya Bose,73.8,25.0,63.4,61.2,55.8,65.4,7.0,2,No,Bachelor,Yes,Medium
STU1653,Swetha Kumar,73.9,13.8,62.9,46.3,63.9,73.4,6.0,1,Yes,Bachelor,Yes,Medium
STU1654,Kishore Sharma,86.3,9.2,81.2,53.0,61.4,71.4,6.6,4,No,High School,Yes,High
STU1655,Dayanithi Malhotra,53.5,10.2,74.9,64.2,39.4,49.7,7.0,0,Yes,Master,Yes,Medium
STU1656,Vikram Verma,63.4,31.3,69.4,64.9,59.9,60.3,7.8,1,No,Doctorate,Yes,Medium
STU1657,Akashraj Patel,75.4,14.8,57.7,71.4,55.9,59.8,9.9,1,No,Bachelor,Yes,High
STU1658,Gokul Verma,59.5,6.5,69.8,57.4,53.9,73.1,7.1,1,No,High School,Yes,Medium
STU1659,Enosh Deshmukh,76.6,3.6,75.4,46.5,55.1,74.2,5.5,2,Yes,High School,Yes,Medium
STU1660,Arun Patel,75.3,11.6,75.9,53.2,52.3,54.2,5.0,1,Yes,Bachelor,Yes,Medium
STU1661,Harish Sharma,56.3,14.6,74.1,71.8,68.2,46.3,6.5,0,Yes,High School,Yes,High
STU1662,Kishore Deshmukh,55.7,22.6,60.0,61.9,36.3,59.1,5.6,0,Yes,Bachelor,Yes,Low
STU1663,Divya Kumar,45.0,22.0,40.8,62.5,36.6,48.8,7.7,0,Yes,Doctorate,Yes,Low
STU1664,Rahul Pillai,58.9,16.0,95.4,69.8,64.9,58.4,7.7,1,No,Bachelor,No,High
STU1665,Gokul Pillai,76.2,12.8,55.0,50.2,54.1,63.8,6.8,0,Yes,Bachelor,Yes,High
STU1666,Manoj Joshi,78.2,18.4,46.5,63.6,56.0,71.5,7.8,0,No,Master,Yes,Medium
STU1667,Sneha Das,78.8,3.8,73.7,49.9,55.3,65.6,7.1,1,Yes,Bachelor,Yes,Medium
STU1668,Arun Pillai,65.1,29.9,49.8,66.8,48.5,64.7,9.2,3,No,High School,Yes,Medium
STU1669,Dayanithi Joshi,75.7,20.6,61.5,60.3,54.9,73.2,7.8,4,Yes,Bachelor,Yes,Medium
STU1670,Meena Nair,81.6,22.1,79.1,76.9,72.6,85.0,8.1,4,No,Bachelor,Yes,High
STU1671,Ananya Nair,58.2,8.5,95.0,82.6,76.7,49.8,5.3,2,Yes,Master,Yes,Medium
STU1672,Akashraj Bose,77.7,25.0,77.0,67.7,58.0,66.5,5.6,0,Yes,Master,Yes,Medium
STU1673,Pooja Bose,85.2,12.8,66.3,54.8,58.8,58.9,7.6,3,No,High School,Yes,Medium
STU1674,Sneha Malhotra,69.1,9.3,71.3,64.4,59.7,79.7,5.1,0,Yes,High School,Yes,High
STU1675,Priya Sharma,90.9,15.7,48.5,45.2,46.0,54.8,6.3,2,Yes,High School,Yes,Medium
STU1676,Vijay Singh,69.5,15.6,66.1,73.7,59.3,78.5,8.4,1,Yes,Bachelor,Yes,Medium
STU1677,Ritu Subramanian,64.0,8.5,66.2,68.1,54.8,59.3,6.2,2,Yes,Bachelor,Yes,Medium
STU1678,Ananya Kumar,83.8,9.7,74.0,52.4,59.6,74.5,5.5,0,Yes,Bachelor,Yes,Medium
STU1679,Rahul Murugan,100.0,9.2,97.2,56.7,63.1,78.3,7.8,0,Yes,Bachelor,Yes,High
STU1680,Ritu Singh,77.2,9.3,46.8,40.0,36.1,66.6,9.5,1,No,Doctorate,Yes,Low
STU1681,Arun Iyer,84.9,13.3,66.7,50.5,60.7,76.8,6.0,0,No,Master,Yes,High
STU1682,Ashwin Gupta,68.9,6.3,48.2,54.5,36.2,45.0,8.5,4,Yes,High School,Yes,Low
STU1683,Priya Murugan,58.6,11.2,65.5,70.3,57.1,48.6,5.9,1,No,Bachelor,Yes,Medium
STU1684,Rahul Das,78.3,23.3,60.8,69.6,54.4,58.5,6.9,1,Yes,Bachelor,Yes,High
STU1685,Sathish Murugan,80.5,21.8,52.6,57.2,56.4,72.8,6.9,3,Yes,High School,Yes,Medium
STU1686,Gokul Chopra,71.0,8.7,83.9,66.5,68.0,62.6,6.1,1,Yes,Bachelor,Yes,High
STU1687,Ananya Pillai,84.8,22.7,75.3,61.8,57.9,77.1,8.1,0,No,High School,Yes,High
STU1688,Dayanithi Chopra,66.8,2.2,82.3,68.0,60.8,61.7,5.2,0,Yes,High School,No,Low
STU1689,Meena Bose,63.4,33.0,65.1,74.3,41.4,68.6,7.2,1,No,Bachelor,Yes,Medium
STU1690,Ramesh Pillai,90.8,25.1,71.1,74.7,61.9,67.1,8.3,3,Yes,Bachelor,Yes,High
STU1691,Sanjay Verma,90.9,12.1,92.7,63.5,61.4,75.1,8.0,2,No,Bachelor,Yes,High
STU1692,Priya Menon,67.1,18.7,72.0,63.7,55.4,71.4,7.6,4,No,Bachelor,Yes,Medium
STU1693,Ajay Nair,100.0,6.2,82.5,67.5,63.7,89.1,8.9,0,Yes,High School,Yes,High
STU1694,Sanjay Subramanian,72.0,16.4,64.0,72.0,49.7,48.4,6.7,0,No,Bachelor,Yes,Medium
STU1695,Swetha Reddy,77.2,14.7,81.3,61.5,70.7,56.1,5.2,0,No,Bachelor,Yes,High
STU1696,Sathish Menon,74.8,10.2,64.9,63.3,46.0,64.1,7.2,2,Yes,Bachelor,Yes,Medium
STU1697,Priya Singh,83.3,12.7,47.3,45.8,38.3,67.6,6.8,0,Yes,Doctorate,Yes,Medium
STU1698,Manoj Iyer,79.8,12.0,71.9,77.9,57.0,67.2,4.5,0,Yes,High School,Yes,High
STU1699,Meena Rao,79.6,8.1,65.9,52.9,50.8,75.7,5.6,1,No,Bachelor,Yes,Medium
STU1700,Sneha Gupta,61.7,10.0,50.9,56.5,38.9,59.9,5.5,0,No,Bachelor,No,Low
STU1701,Kavitha Kumar,52.4,5.9,74.5,59.7,52.1,54.9,6.0,2,Yes,Master,Yes,Medium
STU1702,Ramesh Singh,92.0,22.0,60.4,83.2,62.0,81.9,6.6,1,Yes,Master,Yes,Medium
STU1703,Ajay Iyer,68.4,9.5,99.0,72.1,75.6,71.8,6.6,0,Yes,High School,No,High
STU1704,Sathish Murugan,75.3,7.4,53.0,46.5,50.7,34.6,6.1,0,Yes,Bachelor,Yes,Medium
STU1705,Dayanithi Rao,80.6,21.9,56.2,65.7,39.2,64.5,5.5,3,No,High School,Yes,Medium
STU1706,Enosh Iyer,98.8,18.6,83.3,74.4,72.3,70.5,7.5,0,No,Doctorate,Yes,High
STU1707,Varun Verma,78.3,21.6,70.3,64.8,61.4,71.7,7.1,0,Yes,High School,Yes,High
STU1708,Priya Murugan,70.5,22.4,83.0,62.9,57.6,57.7,7.2,0,Yes,Master,Yes,High
STU1709,Karthik Nair,68.7,29.6,76.9,69.3,72.2,62.0,9.1,0,Yes,High School,Yes,High
STU1710,Ananya Menon,75.5,14.9,64.4,66.8,63.2,73.8,7.2,3,No,Bachelor,Yes,Medium
STU1711,Ramesh Pillai,63.3,5.8,54.1,36.1,41.4,52.0,6.6,0,Yes,Doctorate,Yes,Low
STU1712,Priya Subramanian,76.4,17.9,85.9,68.1,61.5,69.5,6.9,3,Yes,Master,Yes,High
STU1713,Akashraj Bose,75.3,11.3,55.3,61.9,62.0,80.7,7.1,0,No,High School,Yes,Medium
STU1714,Bharath Reddy,99.0,9.3,79.3,61.6,65.2,87.7,7.7,3,Yes,Bachelor,Yes,High
STU1715,Harish Subramanian,74.8,16.7,83.9,86.0,68.6,49.0,6.9,2,Yes,High School,No,Medium
STU1716,Divya Subramanian,49.1,22.1,70.4,52.5,51.3,46.5,4.7,1,No,Bachelor,Yes,Medium
STU1717,Sneha Chopra,100.0,10.1,68.0,50.6,74.3,83.6,6.5,1,Yes,High School,Yes,High
STU1718,Varun Nair,89.4,24.9,59.2,45.1,49.8,79.2,7.0,0,Yes,High School,Yes,Medium
STU1719,Divya Patel,100.0,9.1,78.0,77.6,68.0,77.5,8.6,1,Yes,Bachelor,Yes,High
STU1720,Enosh Kumar,59.8,14.3,40.0,42.0,31.0,49.5,6.1,0,Yes,High School,Yes,Low
STU1721,Dayanithi Deshmukh,72.9,18.7,81.3,52.8,57.2,64.4,5.0,0,Yes,Bachelor,Yes,High
STU1722,Gokul Singh,85.4,13.3,73.6,57.5,52.3,60.4,7.1,2,No,High School,Yes,Medium
STU1723,Gokul Sharma,83.5,3.6,69.1,43.7,48.8,81.1,8.0,0,Yes,High School,Yes,Medium
STU1724,Sathish Reddy,80.3,22.5,75.1,63.7,47.9,86.9,6.5,2,No,Bachelor,Yes,High
STU1725,Vijay Das,45.2,11.6,54.1,53.9,49.2,51.1,9.9,0,Yes,High School,Yes,Medium
STU1726,Harish Patel,52.0,21.2,40.6,60.4,40.5,48.9,9.6,1,Yes,Bachelor,Yes,Medium
STU1727,Ritu Subramanian,97.2,7.2,78.1,59.2,65.7,87.7,6.9,4,Yes,Bachelor,Yes,High
STU1728,Ramesh Menon,99.7,8.3,89.1,65.8,70.3,87.5,7.2,1,Yes,Bachelor,Yes,High
STU1729,Manoj Kumar,74.5,22.0,49.4,53.3,46.4,61.9,8.6,1,Yes,Bachelor,Yes,Medium
STU1730,Sanjay Kumar,95.5,18.4,58.3,47.3,63.7,76.8,6.9,2,Yes,Bachelor,Yes,High
STU1731,Bharath Gupta,61.7,12.9,81.8,50.7,52.4,50.9,6.0,3,Yes,High School,Yes,Medium
STU1732,Sanjay Verma,64.9,18.5,76.7,63.9,60.6,60.6,8.1,0,Yes,Master,Yes,Medium
STU1733,Ramesh Sharma,60.6,9.3,99.0,70.9,71.2,59.3,7.6,1,No,Doctorate,No,High
STU1734,Ajay Subramanian,64.1,16.8,86.0,66.0,71.1,50.7,6.0,0,Yes,High School,Yes,Medium
STU1735,Divya Rao,86.1,16.9,82.9,53.8,66.2,60.9,7.3,0,Yes,Bachelor,Yes,High
STU1736,Ajay Nair,63.9,13.4,62.1,59.5,54.4,45.1,6.8,0,Yes,High School,No,Medium
STU1737,Rahul Patel,100.0,10.2,78.8,75.7,59.3,84.2,6.5,0,Yes,High School,No,High
STU1738,Meena Singh,82.4,16.5,91.4,70.5,64.0,69.3,6.1,1,No,High School,Yes,High
STU1739,Deepa Murugan,91.2,15.6,69.9,57.7,50.8,73.9,7.1,3,Yes,Bachelor,Yes,Medium
STU1740,Harish Iyer,82.9,12.7,70.5,60.3,41.0,74.4,6.7,2,Yes,High School,Yes,Medium
STU1741,Priya Murugan,93.0,8.8,73.8,51.0,62.5,66.8,7.3,1,Yes,Master,Yes,Medium
STU1742,Harish Singh,63.8,16.1,63.4,50.7,48.0,47.6,8.0,0,No,Bachelor,Yes,Medium
STU1743,Deepa Chopra,96.3,12.8,75.5,66.5,66.9,80.2,7.3,0,Yes,High School,Yes,High
STU1744,Tharun Chopra,78.0,8.8,75.2,68.3,61.4,49.5,7.3,0,Yes,Bachelor,Yes,High
STU1745,Ananya Chopra,92.9,16.3,91.2,70.1,73.0,73.2,6.4,1,Yes,High School,No,High
STU1746,Vijay Murugan,55.8,27.3,69.5,53.4,61.1,78.1,8.4,0,Yes,Bachelor,Yes,Medium
STU1747,Ashwin Joshi,78.5,13.4,80.8,68.2,63.8,53.6,6.0,1,Yes,Bachelor,Yes,High
STU1748,Gokul Bose,78.0,26.5,69.9,85.4,66.9,62.5,5.1,3,No,High School,Yes,High
STU1749,Divya Chopra,67.3,30.8,80.3,73.6,60.5,39.2,5.7,2,No,High School,Yes,High
STU1750,Dayanithi Singh,80.4,9.3,68.7,56.6,62.1,65.9,8.2,2,No,High School,Yes,High
STU1751,Enosh Joshi,97.6,16.1,79.5,59.5,56.1,98.2,7.6,1,Yes,High School,Yes,High
STU1752,Kavitha Verma,66.3,30.7,81.5,79.9,51.4,64.4,8.6,0,Yes,High School,No,High
STU1753,Ajay Malhotra,89.5,15.2,58.1,52.0,67.0,67.6,5.4,0,Yes,Doctorate,Yes,Medium
STU1754,Ajay Murugan,60.2,16.3,86.3,77.5,77.7,77.9,9.8,2,No,High School,Yes,High
STU1755,Vijay Gupta,100.0,4.3,69.8,50.2,45.3,62.6,6.7,1,Yes,High School,Yes,Medium
STU1756,Karthik Deshmukh,87.0,12.3,65.9,61.5,56.9,76.7,4.9,1,No,Doctorate,Yes,Medium
STU1757,Ananya Joshi,100.0,19.9,62.8,61.7,59.1,80.6,9.6,0,Yes,Bachelor,Yes,High
STU1758,Vikram Chopra,85.4,33.0,75.9,87.6,71.7,68.8,5.4,1,No,Bachelor,Yes,High
STU1759,Dayanithi Nair,81.5,14.6,71.9,65.8,72.0,77.0,6.5,0,Yes,High School,Yes,High
STU1760,Swetha Deshmukh,87.1,4.4,76.8,69.5,56.3,60.4,6.8,0,Yes,Bachelor,Yes,High
STU1761,Bharath Nair,74.1,6.2,77.1,60.4,52.7,67.6,7.5,0,Yes,High School,Yes,High
STU1762,Sanjay Bose,53.4,15.7,79.9,65.0,58.3,53.9,6.1,0,No,Bachelor,Yes,Medium
STU1763,Pooja Verma,82.3,24.2,99.0,78.8,68.0,60.7,8.2,0,Yes,Doctorate,Yes,High
STU1764,Meena Malhotra,65.4,20.5,72.5,60.1,37.1,78.7,7.9,0,No,Bachelor,Yes,Medium
STU1765,Ashwin Das,60.6,19.2,62.5,65.8,50.3,54.5,7.0,2,No,High School,Yes,Medium
STU1766,Vikram Patel,84.9,25.2,45.7,52.9,52.0,69.6,8.6,1,No,Bachelor,Yes,Medium
STU1767,Meena Rao,72.1,11.0,56.5,55.1,48.9,53.0,6.9,1,No,Bachelor,Yes,Medium
STU1768,Vikram Chopra,90.4,16.1,88.1,76.7,75.2,72.6,6.7,1,No,Bachelor,Yes,High
STU1769,Swetha Patel,65.0,12.4,81.4,77.7,66.9,82.3,9.4,4,No,Bachelor,Yes,High
STU1770,Deepa Menon,69.4,14.1,54.5,56.6,40.8,59.1,7.4,0,Yes,Bachelor,Yes,Medium
STU1771,Priya Patel,92.1,9.0,99.0,76.9,76.5,80.4,5.8,0,No,Bachelor,Yes,High
STU1772,Arun Subramanian,79.9,13.6,76.2,69.6,51.5,77.4,6.0,1,No,Doctorate,Yes,Medium
STU1773,Divya Murugan,55.3,15.8,78.0,62.6,53.7,51.4,7.0,0,Yes,Master,Yes,Medium
STU1774,Vikram Deshmukh,79.6,13.4,99.0,89.5,76.7,63.7,4.1,1,No,High School,Yes,High
STU1775,Gokul Chopra,96.7,14.9,94.6,67.2,72.9,82.7,6.2,1,Yes,Bachelor,Yes,High
STU1776,Sneha Menon,69.3,18.8,82.2,69.9,54.1,59.2,6.9,4,Yes,High School,Yes,High
STU1777,Meena Sharma,84.4,24.7,82.8,84.6,61.3,67.3,6.8,3,Yes,Bachelor,Yes,High
STU1778,Pooja Menon,64.1,25.2,84.0,85.2,68.1,67.9,5.5,4,Yes,High School,No,High
STU1779,Ananya Murugan,74.1,21.3,68.9,65.5,62.9,63.8,6.5,0,No,Bachelor,Yes,Medium
STU1780,Ashwin Kumar,91.3,7.2,75.7,67.5,62.1,86.9,8.4,3,No,Bachelor,No,Medium
STU1781,Dayanithi Patel,79.1,13.5,79.5,63.1,60.4,66.5,8.2,0,No,High School,Yes,High
STU1782,Ananya Kumar,94.0,14.1,70.4,57.7,66.2,63.2,7.1,1,No,Master,Yes,Medium
STU1783,Ashwin Menon,82.0,11.4,59.4,45.9,44.9,34.9,6.9,2,Yes,Bachelor,Yes,Medium
STU1784,Karthik Malhotra,100.0,18.4,68.5,69.2,74.3,61.6,6.8,0,Yes,Bachelor,Yes,High
STU1785,Rahul Nair,54.1,4.8,59.2,58.2,38.3,35.8,7.3,1,Yes,Bachelor,Yes,Low
STU1786,Swetha Das,73.0,27.9,72.8,66.3,66.1,66.5,7.1,0,No,Master,Yes,Medium
STU1787,Tharun Chopra,60.8,24.4,48.9,61.3,48.7,46.8,7.4,0,Yes,High School,Yes,Low
STU1788,Tharun Murugan,61.8,19.3,76.4,88.3,79.7,37.3,7.6,3,No,Bachelor,Yes,High
STU1789,Ajay Joshi,61.9,15.6,50.8,63.9,38.6,55.8,5.5,0,No,Bachelor,Yes,Medium
STU1790,Gokul Murugan,78.3,24.6,66.8,59.3,39.3,56.2,6.6,0,No,Master,Yes,Medium
STU1791,Vijay Rao,79.2,20.8,78.6,76.9,73.4,72.2,7.2,0,Yes,Bachelor,Yes,High
STU1792,Ashwin Nair,82.0,23.7,82.3,65.0,54.1,73.6,5.8,3,Yes,Bachelor,Yes,High
STU1793,Ritu Singh,60.3,15.6,80.7,43.5,59.9,61.6,6.2,0,No,Master,Yes,Medium
STU1794,Akashraj Chopra,71.5,28.5,76.2,72.4,69.6,37.3,6.7,0,No,Master,Yes,High
STU1795,Rahul Menon,62.5,24.2,57.4,75.0,54.4,58.0,6.8,3,Yes,Bachelor,Yes,High
STU1796,Swetha Malhotra,89.1,19.6,84.7,81.8,71.7,72.2,7.3,0,No,High School,Yes,High
STU1797,Sneha Malhotra,63.8,24.8,57.7,66.0,53.1,46.1,6.0,0,No,Bachelor,Yes,Medium
STU1798,Ashwin Singh,73.0,13.1,86.2,63.0,70.0,42.4,8.2,2,Yes,Bachelor,Yes,High
STU1799,Ajay Joshi,83.8,7.8,80.2,65.7,68.0,69.2,6.8,1,Yes,Bachelor,No,High
STU1800,Akashraj Pillai,67.4,18.3,89.7,69.7,57.6,71.1,7.2,2,Yes,High School,No,High
STU1801,Vijay Gupta,85.7,15.6,72.3,59.2,72.1,45.6,6.6,0,Yes,High School,Yes,High
STU1802,Vijay Chopra,98.3,14.6,61.4,66.8,58.6,70.7,7.3,3,No,Bachelor,Yes,High
STU1803,Ajay Reddy,78.7,24.5,55.2,57.6,53.8,68.5,9.0,4,Yes,High School,Yes,Medium
STU1804,Deepa Singh,88.6,17.2,56.6,67.0,59.4,84.4,6.5,0,No,High School,Yes,Medium
STU1805,Tharun Singh,47.0,17.8,50.7,51.2,49.4,45.1,6.3,0,No,Bachelor,No,Low
STU1806,Manoj Iyer,70.0,13.7,84.2,83.4,74.2,81.3,6.0,5,Yes,Bachelor,Yes,Medium
STU1807,Vikram Pillai,78.6,22.2,85.9,59.6,65.3,49.2,6.9,1,Yes,Bachelor,Yes,High
STU1808,Gokul Subramanian,61.3,20.9,79.2,61.6,59.2,36.6,6.9,1,Yes,High School,Yes,High
STU1809,Ashwin Menon,78.9,22.1,71.6,65.7,62.0,77.5,7.1,1,Yes,High School,Yes,High
STU1810,Priya Nair,90.8,12.5,98.8,56.1,79.3,51.0,7.6,2,No,Bachelor,Yes,High
STU1811,Ritu Reddy,49.7,25.1,70.7,47.8,42.3,54.4,7.4,2,No,Bachelor,Yes,Low
STU1812,Varun Verma,59.4,28.9,74.9,56.5,59.9,52.7,7.0,0,Yes,Bachelor,Yes,Medium
STU1813,Ritu Bose,78.6,21.9,71.4,64.4,52.6,58.1,9.3,0,Yes,High School,Yes,High
STU1814,Karthik Pillai,82.4,10.3,67.6,56.1,69.0,65.2,7.8,3,Yes,Bachelor,Yes,High
STU1815,Ananya Subramanian,86.3,10.4,80.2,66.0,67.0,58.9,5.7,2,Yes,Master,Yes,High
STU1816,Priya Gupta,77.6,13.4,63.8,57.0,50.8,63.4,5.1,1,Yes,High School,Yes,Medium
STU1817,Ramesh Patel,82.5,12.0,62.9,59.8,57.7,69.7,6.2,5,No,Bachelor,Yes,Medium
STU1818,Gokul Iyer,88.6,15.5,80.9,63.1,64.6,69.0,7.2,2,Yes,Bachelor,Yes,High
STU1819,Arun Singh,70.2,20.4,65.5,69.2,54.5,56.3,6.1,0,No,High School,Yes,Medium
STU1820,Enosh Deshmukh,67.5,18.0,73.7,70.0,46.3,63.0,6.2,2,Yes,High School,Yes,High
STU1821,Dayanithi Chopra,73.6,17.4,67.6,59.9,48.1,80.8,7.0,0,No,Bachelor,Yes,Medium
STU1822,Sanjay Patel,78.8,14.3,71.8,66.6,58.4,64.6,6.6,0,No,High School,Yes,High
STU1823,Ritu Chopra,66.8,15.5,63.2,58.1,39.9,68.3,4.5,0,Yes,High School,Yes,Low
STU1824,Tharun Rao,70.5,21.6,63.7,51.3,47.2,52.6,8.3,2,Yes,High School,Yes,Medium
STU1825,Rahul Malhotra,81.6,2.0,61.3,58.0,50.0,55.6,8.0,4,No,High School,Yes,Medium
STU1826,Meena Chopra,78.2,15.9,83.0,60.5,57.7,71.5,5.5,0,No,Bachelor,Yes,Medium
STU1827,Gokul Patel,73.4,18.0,74.2,72.6,66.2,61.7,7.1,0,No,High School,Yes,High
STU1828,Rahul Iyer,51.6,21.5,83.9,74.1,55.4,62.3,5.7,1,No,High School,Yes,Medium
STU1829,Karthik Deshmukh,76.0,8.9,85.3,63.8,65.1,78.9,6.3,2,Yes,Bachelor,Yes,High
STU1830,Ajay Gupta,62.4,8.6,66.0,41.5,46.4,65.8,7.6,2,No,Bachelor,Yes,Medium
STU1831,Sneha Pillai,89.8,20.1,83.5,82.8,69.0,82.1,8.0,1,No,Bachelor,Yes,High
STU1832,Arun Kumar,71.7,2.7,71.8,52.4,66.6,30.0,7.9,1,No,High School,Yes,Medium
STU1833,Manoj Gupta,62.1,25.3,69.9,73.2,58.2,61.7,7.3,0,No,Bachelor,Yes,Medium
STU1834,Gokul Patel,75.1,17.6,88.3,70.0,69.5,73.7,8.5,0,No,High School,Yes,High
STU1835,Varun Gupta,93.8,26.9,79.2,70.6,60.8,63.6,6.3,0,No,High School,Yes,High
STU1836,Rahul Kumar,84.8,8.4,67.4,58.5,61.3,71.0,6.5,3,No,Bachelor,Yes,Medium
STU1837,Deepa Rao,79.1,12.9,78.4,64.3,66.1,57.0,4.0,0,No,Master,Yes,Medium
STU1838,Sanjay Deshmukh,57.4,2.0,55.5,46.3,47.7,64.7,6.9,1,Yes,Bachelor,Yes,Medium
STU1839,Divya Singh,98.7,10.4,75.2,60.9,54.8,69.7,7.7,0,No,High School,Yes,High
STU1840,Manoj Kumar,67.3,14.7,52.5,58.2,42.9,52.5,7.3,1,No,Master,Yes,Low
STU1841,Gokul Deshmukh,89.1,2.3,59.2,54.0,63.1,68.8,6.3,0,Yes,High School,Yes,Medium
STU1842,Kavitha Verma,71.4,13.2,79.6,65.1,56.5,85.3,8.0,0,Yes,Master,No,High
STU1843,Varun Singh,87.7,2.1,40.0,47.2,53.8,82.7,6.9,0,No,Bachelor,Yes,Low
STU1844,Pooja Malhotra,94.3,14.2,95.4,68.3,69.3,92.7,7.9,2,No,Bachelor,Yes,High
STU1845,Kavitha Singh,85.1,24.0,82.8,90.3,71.3,52.9,7.6,0,Yes,Bachelor,Yes,High
STU1846,Kishore Joshi,86.6,15.8,48.1,65.6,48.6,59.3,8.7,2,No,Doctorate,Yes,Medium
STU1847,Karthik Singh,74.6,27.6,99.0,87.3,69.2,78.1,7.4,1,No,Master,Yes,High
STU1848,Karthik Chopra,69.9,21.5,99.0,62.0,63.4,44.3,7.7,1,Yes,Bachelor,Yes,High
STU1849,Meena Verma,77.9,25.4,69.7,73.0,54.7,60.0,6.9,1,Yes,Bachelor,Yes,Medium
STU1850,Karthik Bose,71.2,10.6,60.0,52.7,51.0,83.3,6.4,4,No,Bachelor,Yes,Medium
STU1851,Sathish Patel,100.0,10.5,93.9,61.0,78.2,70.4,7.6,0,No,Bachelor,Yes,High
STU1852,Gokul Verma,62.1,18.4,67.5,60.1,53.8,39.1,8.8,0,Yes,Master,Yes,Medium
STU1853,Priya Verma,90.0,5.0,74.1,50.7,59.0,74.5,6.3,3,Yes,High School,Yes,Medium
STU1854,Varun Menon,83.2,19.3,87.8,75.8,77.7,52.1,6.7,0,Yes,High School,Yes,High
STU1855,Karthik Sharma,79.2,13.7,70.0,74.1,60.5,79.9,7.0,2,No,Doctorate,Yes,Medium
STU1856,Kavitha Bose,96.7,25.3,68.9,74.3,59.0,69.1,7.8,0,Yes,Master,Yes,High
STU1857,Pooja Verma,80.2,20.8,55.5,81.8,48.4,57.2,7.4,1,Yes,High School,Yes,Medium
STU1858,Kishore Sharma,67.1,23.7,63.8,52.3,59.8,60.6,8.1,0,Yes,High School,Yes,Medium
STU1859,Varun Joshi,80.1,10.7,68.6,54.8,53.5,64.0,9.4,3,No,Doctorate,No,Medium
STU1860,Sanjay Menon,73.4,23.3,55.9,53.8,44.7,66.6,6.2,1,Yes,Bachelor,Yes,Medium
STU1861,Manoj Menon,83.0,26.1,57.1,73.3,50.2,75.0,7.7,0,Yes,Bachelor,Yes,High
STU1862,Ajay Rao,87.4,15.7,72.4,61.6,68.7,70.3,7.4,0,No,High School,Yes,High
STU1863,Sneha Iyer,64.0,10.8,48.0,52.2,39.2,46.8,7.0,0,Yes,Master,Yes,Medium
STU1864,Kishore Nair,92.7,10.9,60.6,60.8,62.6,82.9,7.7,2,Yes,High School,Yes,High
STU1865,Arun Subramanian,72.4,24.7,97.3,67.1,68.3,56.5,6.7,0,No,High School,Yes,High
STU1866,Karthik Bose,82.2,34.8,67.5,67.9,49.9,60.6,7.4,0,Yes,High School,Yes,High
STU1867,Dayanithi Rao,84.6,9.1,65.9,64.8,55.1,72.2,5.4,1,No,Master,Yes,Medium
STU1868,Ananya Subramanian,81.1,8.6,67.5,52.8,54.9,49.4,6.4,0,Yes,Bachelor,Yes,Medium
STU1869,Bharath Nair,74.5,22.4,67.7,51.8,53.1,68.6,8.3,0,Yes,Bachelor,Yes,Medium
STU1870,Meena Reddy,69.2,10.7,79.5,56.0,58.1,63.5,8.2,0,No,Bachelor,Yes,Medium
STU1871,Priya Pillai,72.2,23.1,78.6,68.0,59.4,74.5,7.3,2,Yes,Master,Yes,High
STU1872,Karthik Murugan,97.9,19.3,66.9,64.7,54.7,73.7,6.5,4,No,Bachelor,Yes,Medium
STU1873,Vikram Kumar,63.9,15.8,69.2,61.6,54.7,71.6,8.0,0,Yes,Bachelor,Yes,Medium
STU1874,Karthik Pillai,65.9,19.1,89.1,67.2,68.9,64.8,8.5,2,Yes,Doctorate,Yes,High
STU1875,Varun Chopra,65.3,18.7,52.4,64.7,37.7,58.9,6.5,0,No,Bachelor,Yes,Medium
STU1876,Sanjay Chopra,77.9,14.7,71.3,61.3,67.1,84.9,5.3,0,Yes,Bachelor,Yes,Medium
STU1877,Divya Kumar,54.7,3.7,73.8,58.4,30.0,53.8,7.5,1,Yes,Master,Yes,Low
STU1878,Kishore Menon,57.1,17.3,61.9,55.7,49.5,49.1,8.1,0,Yes,Bachelor,Yes,Medium
STU1879,Rahul Joshi,72.3,27.0,70.5,81.5,63.9,64.6,7.7,1,Yes,Bachelor,Yes,High
STU1880,Kavitha Bose,58.0,4.7,60.1,48.7,42.7,49.4,8.9,3,No,High School,Yes,Low
STU1881,Ashwin Nair,59.1,9.2,80.3,63.2,44.2,59.2,8.9,4,No,Bachelor,Yes,Medium
STU1882,Ananya Gupta,58.1,19.0,54.6,66.5,47.4,68.1,6.6,0,No,Bachelor,Yes,Medium
STU1883,Priya Deshmukh,64.1,16.3,85.8,71.3,65.3,58.4,7.2,0,No,High School,Yes,High
STU1884,Ashwin Singh,86.2,18.9,71.0,66.8,52.4,72.6,6.4,4,Yes,Master,Yes,High
STU1885,Tharun Reddy,89.4,11.1,66.2,42.4,48.1,81.6,5.8,0,Yes,High School,No,Medium
STU1886,Ritu Reddy,100.0,24.1,58.9,68.5,64.4,91.9,5.8,1,No,Bachelor,Yes,High
STU1887,Meena Reddy,100.0,16.3,85.4,69.4,70.6,75.5,7.9,0,Yes,Bachelor,Yes,High
STU1888,Varun Chopra,87.0,20.9,63.5,67.3,46.7,73.9,7.4,0,Yes,Bachelor,Yes,Medium
STU1889,Deepa Chopra,90.4,18.2,56.8,60.1,56.5,82.3,8.1,0,No,High School,Yes,High
STU1890,Ananya Sharma,77.8,17.2,85.7,65.1,58.7,70.0,10.0,3,Yes,Bachelor,No,High
STU1891,Enosh Malhotra,83.3,20.4,60.2,68.5,49.9,51.4,7.6,3,Yes,High School,Yes,High
STU1892,Meena Pillai,100.0,17.3,70.8,65.3,63.8,89.8,6.1,0,No,High School,Yes,High
STU1893,Vijay Murugan,81.2,7.7,82.6,52.3,62.6,73.9,8.2,2,No,High School,Yes,High
STU1894,Sneha Patel,92.1,23.6,74.1,79.3,62.5,81.2,6.0,0,Yes,High School,Yes,High
STU1895,Ritu Murugan,62.9,21.7,94.5,64.4,62.9,45.8,9.1,0,Yes,High School,Yes,High
STU1896,Vikram Subramanian,66.7,2.0,61.1,57.8,49.0,61.5,4.6,2,No,Bachelor,Yes,Low
STU1897,Akashraj Iyer,80.4,11.4,69.3,71.5,54.1,76.7,6.3,1,No,Master,Yes,Medium
STU1898,Vijay Deshmukh,78.1,23.3,70.3,58.2,64.6,58.1,7.7,0,No,Bachelor,Yes,Medium
STU1899,Harish Subramanian,67.3,3.2,80.1,58.0,48.4,54.2,8.4,0,Yes,Bachelor,Yes,Medium
STU1900,Sathish Kumar,100.0,22.6,88.8,72.4,70.3,88.6,6.2,4,Yes,Bachelor,Yes,High
STU1901,Swetha Kumar,78.4,15.0,73.0,61.8,48.7,60.4,6.0,3,Yes,Bachelor,Yes,High
STU1902,Tharun Reddy,69.8,25.4,70.2,83.0,67.0,59.8,7.2,2,Yes,Bachelor,Yes,High
STU1903,Ramesh Patel,78.1,16.0,52.7,46.9,45.1,56.5,9.3,0,Yes,Bachelor,Yes,Medium
STU1904,Karthik Gupta,76.4,10.9,73.5,58.5,50.7,84.0,5.2,2,Yes,High School,Yes,High
STU1905,Vikram Deshmukh,78.6,18.2,63.5,73.3,61.8,72.4,6.6,0,Yes,High School,Yes,High
STU1906,Dayanithi Subramanian,53.7,15.8,80.0,63.9,42.1,49.7,7.3,4,No,Bachelor,Yes,Medium
STU1907,Ritu Kumar,94.1,10.3,66.7,50.4,58.5,72.0,6.0,0,No,Bachelor,Yes,Medium
STU1908,Vijay Pillai,94.9,31.5,68.9,73.6,70.4,64.7,6.0,0,Yes,Master,Yes,High
STU1909,Ritu Subramanian,96.6,9.2,53.0,58.2,53.7,76.9,6.7,0,Yes,High School,Yes,Medium
STU1910,Varun Patel,80.6,2.0,48.5,42.5,40.9,75.0,7.4,2,Yes,High School,Yes,Medium
STU1911,Ramesh Murugan,85.3,27.1,96.2,84.2,66.4,63.1,6.8,2,Yes,Bachelor,Yes,High
STU1912,Gokul Deshmukh,63.9,11.9,73.7,50.6,62.0,59.4,8.8,0,Yes,Master,Yes,High
STU1913,Pooja Singh,87.7,13.9,77.3,53.7,67.4,68.9,7.7,1,Yes,Bachelor,Yes,High
STU1914,Varun Das,79.5,13.5,60.1,53.6,47.2,81.5,7.5,2,No,Bachelor,Yes,Medium
STU1915,Kavitha Bose,69.6,12.0,83.4,70.3,59.4,55.4,8.2,0,No,High School,Yes,High
STU1916,Ajay Singh,88.1,10.6,81.0,69.9,74.2,80.6,7.5,2,No,Bachelor,Yes,High
STU1917,Rahul Sharma,88.6,9.0,61.6,45.6,56.1,87.1,6.5,4,No,Bachelor,Yes,Medium
STU1918,Sathish Iyer,76.8,16.5,58.2,64.0,39.9,62.3,6.7,0,No,Master,Yes,Medium
STU1919,Vijay Kumar,82.1,13.2,62.5,59.3,53.0,63.4,5.6,0,No,High School,Yes,Medium
STU1920,Tharun Patel,61.6,21.1,71.6,59.3,53.2,66.2,9.4,0,No,Bachelor,Yes,Medium
STU1921,Ramesh Murugan,93.4,19.4,74.2,55.6,62.6,58.2,8.1,0,Yes,Bachelor,Yes,High
STU1922,Meena Deshmukh,63.4,9.5,72.5,61.5,56.1,62.3,4.0,1,No,High School,Yes,Low
STU1923,Deepa Joshi,66.1,16.8,88.9,81.0,64.2,43.9,8.6,2,Yes,Bachelor,No,High
STU1924,Varun Verma,76.9,13.1,62.7,58.2,54.6,78.4,5.2,1,No,Bachelor,Yes,Medium
STU1925,Kishore Pillai,91.6,9.1,57.9,46.1,48.2,72.4,7.6,0,No,High School,Yes,Medium
STU1926,Ajay Chopra,91.6,20.8,72.0,51.3,82.6,74.1,4.4,1,No,Master,Yes,High
STU1927,Tharun Verma,75.9,15.2,50.0,66.4,49.9,58.3,6.5,1,Yes,High School,Yes,Medium
STU1928,Vijay Pillai,86.8,13.1,81.0,73.6,66.3,56.3,8.6,4,Yes,Doctorate,Yes,High
STU1929,Meena Das,52.4,10.0,73.3,62.7,67.6,64.1,8.7,0,No,Master,Yes,Medium
STU1930,Vikram Patel,65.9,8.8,67.6,69.1,46.2,57.8,7.4,1,No,Bachelor,Yes,Medium
STU1931,Tharun Murugan,66.2,29.9,66.9,71.5,55.2,91.8,7.9,3,Yes,High School,Yes,High
STU1932,Bharath Patel,93.5,18.3,83.8,65.3,60.5,68.0,5.3,1,No,Master,No,High
STU1933,Ritu Pillai,85.2,8.4,83.4,67.8,70.4,64.7,7.6,0,No,Bachelor,Yes,High
STU1934,Vijay Pillai,78.6,18.0,68.8,56.7,52.6,58.2,8.0,0,Yes,High School,Yes,Medium
STU1935,Vikram Chopra,79.9,23.4,79.7,63.0,66.5,66.2,10.0,3,No,Bachelor,Yes,High
STU1936,Ashwin Murugan,98.0,17.2,83.2,74.8,73.1,94.6,6.3,0,Yes,High School,Yes,High
STU1937,Ritu Reddy,73.6,25.6,76.4,77.8,68.3,74.3,7.0,3,No,Doctorate,Yes,High
STU1938,Sanjay Iyer,57.6,5.2,69.3,45.7,54.1,39.5,7.1,2,Yes,Master,Yes,Medium
STU1939,Pooja Kumar,91.2,2.1,77.0,47.2,58.5,86.8,7.8,0,No,Master,Yes,High
STU1940,Gokul Verma,78.5,17.8,58.5,55.5,41.4,73.9,8.1,1,No,Bachelor,Yes,Medium
STU1941,Manoj Menon,89.4,17.9,72.9,59.2,67.4,78.5,8.3,0,Yes,Bachelor,Yes,High
STU1942,Ramesh Verma,75.4,2.0,69.0,57.6,65.6,58.4,8.2,0,No,High School,Yes,Medium
STU1943,Bharath Malhotra,64.3,11.6,66.9,59.1,46.6,52.5,5.2,2,No,High School,Yes,Medium
STU1944,Ashwin Malhotra,81.6,8.9,49.6,59.5,53.7,70.3,4.0,1,No,High School,Yes,Low
STU1945,Swetha Deshmukh,76.1,6.3,58.6,54.8,42.5,60.1,6.4,0,Yes,Bachelor,Yes,Low
STU1946,Kavitha Subramanian,78.6,8.9,65.7,51.5,55.0,80.3,7.0,2,Yes,Master,Yes,High
STU1947,Karthik Sharma,98.6,20.2,83.6,55.4,68.8,73.2,6.3,0,Yes,Doctorate,Yes,High
STU1948,Kishore Iyer,60.6,8.9,75.7,62.1,54.1,36.9,6.4,1,No,High School,Yes,Medium
STU1949,Sanjay Verma,80.0,9.1,84.2,50.5,62.7,55.0,6.6,1,Yes,Bachelor,No,Medium
STU1950,Manoj Bose,64.5,4.7,88.2,57.8,68.5,46.3,7.7,0,No,Bachelor,Yes,Medium
STU1951,Gokul Gupta,45.0,24.9,76.3,64.7,54.4,44.4,5.8,4,No,Bachelor,Yes,Medium
STU1952,Ramesh Murugan,75.3,19.0,73.8,61.9,54.0,67.3,6.9,1,No,Bachelor,Yes,Medium
STU1953,Ajay Pillai,76.4,2.0,59.4,39.4,39.4,66.4,6.9,1,No,Bachelor,Yes,Medium
STU1954,Vijay Joshi,84.7,9.1,97.8,63.8,68.9,75.4,7.7,1,No,Master,Yes,High
STU1955,Enosh Das,73.0,19.7,53.6,67.4,42.2,61.3,8.4,0,No,Bachelor,Yes,Medium
STU1956,Akashraj Rao,55.2,25.0,73.5,78.5,55.8,51.0,9.0,0,Yes,Bachelor,Yes,High
STU1957,Divya Malhotra,64.5,21.9,82.8,83.5,62.0,76.2,6.1,1,No,High School,Yes,Medium
STU1958,Kishore Sharma,94.4,13.5,83.0,66.4,72.8,88.7,4.6,3,No,High School,Yes,High
STU1959,Priya Sharma,64.3,2.5,57.0,51.5,47.7,62.7,6.7,2,No,Bachelor,Yes,Low
STU1960,Akashraj Gupta,98.2,22.1,66.5,74.1,79.8,88.1,5.1,0,No,Bachelor,Yes,High
STU1961,Karthik Sharma,90.7,13.9,61.6,46.2,38.7,55.2,10.0,0,Yes,Master,Yes,Medium
STU1962,Karthik Das,71.6,16.5,46.3,59.9,47.5,54.7,6.0,0,Yes,Bachelor,Yes,Low
STU1963,Sathish Nair,65.8,14.8,73.7,73.8,56.3,55.2,7.7,0,No,Bachelor,Yes,Medium
STU1964,Priya Iyer,90.7,6.5,62.7,46.9,46.8,66.3,8.1,1,Yes,Bachelor,Yes,Medium
STU1965,Vikram Pillai,72.6,18.5,91.6,83.8,70.5,48.1,7.4,1,No,High School,No,High
STU1966,Sathish Malhotra,54.4,17.6,80.0,84.0,61.6,56.8,9.5,0,Yes,Bachelor,Yes,High
STU1967,Vijay Kumar,83.9,13.0,72.5,68.0,68.5,84.2,6.8,1,Yes,Bachelor,Yes,Medium
STU1968,Ananya Murugan,81.8,19.3,65.9,67.7,58.1,69.0,6.0,2,Yes,High School,Yes,Medium
STU1969,Ramesh Verma,91.9,6.4,73.5,49.3,54.2,81.6,5.9,0,No,High School,Yes,Medium
STU1970,Manoj Patel,80.9,14.1,68.7,69.5,61.3,68.1,7.9,2,No,Bachelor,Yes,High
STU1971,Varun Iyer,68.3,16.2,72.9,55.7,54.3,56.6,6.8,0,Yes,High School,Yes,Medium
STU1972,Sanjay Iyer,93.8,3.9,96.7,69.0,65.9,85.5,5.9,1,No,Master,Yes,High
STU1973,Sanjay Nair,95.1,15.6,58.2,61.4,53.4,62.8,7.5,2,Yes,Bachelor,Yes,High
STU1974,Sanjay Malhotra,79.3,21.1,69.8,39.2,54.7,48.9,7.9,1,Yes,High School,Yes,High
STU1975,Deepa Verma,76.8,13.9,81.2,69.1,64.3,51.7,7.3,3,No,High School,Yes,Medium
STU1976,Divya Malhotra,57.5,15.8,66.8,82.2,58.9,63.0,8.1,0,No,Doctorate,Yes,Medium
STU1977,Kishore Das,67.5,19.9,92.5,57.2,61.2,61.4,7.1,1,Yes,Bachelor,Yes,High
STU1978,Ashwin Deshmukh,86.7,13.3,80.8,64.9,66.7,75.8,6.3,1,No,Bachelor,Yes,Medium
STU1979,Varun Nair,68.2,13.9,62.7,42.8,49.6,77.7,8.0,1,No,High School,Yes,Medium
STU1980,Manoj Das,55.6,7.8,74.7,52.4,54.7,41.7,5.9,2,Yes,Master,Yes,Medium
STU1981,Pooja Reddy,100.0,15.9,62.8,44.2,54.8,92.0,5.6,2,Yes,Bachelor,Yes,High
STU1982,Kavitha Patel,55.5,13.7,61.6,59.1,64.5,49.3,8.4,2,No,Bachelor,No,Medium
STU1983,Sanjay Rao,100.0,19.5,70.2,71.1,71.1,74.5,6.6,0,Yes,Doctorate,No,Medium
STU1984,Swetha Subramanian,71.7,19.9,88.4,75.6,69.5,63.8,9.0,0,Yes,High School,Yes,High
STU1985,Meena Murugan,74.8,21.5,81.7,63.1,56.9,67.3,8.0,1,No,Bachelor,Yes,High
STU1986,Dayanithi Murugan,66.6,12.4,71.7,56.2,53.1,57.9,6.5,1,Yes,High School,Yes,High
STU1987,Karthik Menon,87.0,2.0,82.2,61.3,75.8,78.3,7.6,4,Yes,Bachelor,No,High
STU1988,Harish Bose,55.8,21.2,75.5,60.7,51.9,54.3,10.0,0,Yes,High School,Yes,Medium
STU1989,Dayanithi Pillai,50.2,19.0,56.8,48.5,42.9,48.1,7.9,0,No,Master,Yes,Low
STU1990,Sneha Menon,98.5,11.6,70.1,58.1,58.9,74.9,7.7,1,No,Bachelor,Yes,Medium
STU1991,Divya Bose,64.7,19.9,71.0,57.8,57.4,61.2,6.3,3,Yes,Bachelor,Yes,Medium
STU1992,Deepa Malhotra,86.4,5.9,81.9,64.6,61.8,58.3,9.2,3,Yes,Master,Yes,Medium
STU1993,Kavitha Malhotra,60.8,23.2,64.6,75.1,56.0,45.7,8.6,0,No,Doctorate,Yes,Medium
STU1994,Harish Singh,85.9,13.7,60.1,78.0,54.8,67.9,6.3,0,No,Bachelor,Yes,Medium
STU1995,Gokul Gupta,99.6,10.2,71.4,62.4,71.2,85.2,9.3,0,No,Bachelor,Yes,High
STU1996,Varun Patel,68.6,11.6,63.6,62.6,48.3,82.6,7.2,0,Yes,High School,Yes,Medium
STU1997,Kishore Rao,48.9,14.4,67.8,56.0,57.1,47.7,6.0,5,No,High School,Yes,Low
STU1998,Harish Patel,99.6,15.9,70.9,58.6,57.0,62.0,6.3,0,No,Bachelor,Yes,High
STU1999,Tharun Deshmukh,89.0,16.3,67.0,71.9,54.1,65.5,8.1,0,No,High School,Yes,High
STU2000,Akashraj Nair,69.4,13.0,84.5,64.4,58.1,68.2,6.0,0,No,Bachelor,Yes,Medium
STU2001,Deepa Chopra,72.9,17.4,90.4,72.2,55.9,54.0,5.7,0,Yes,High School,Yes,Medium
STU2002,Ashwin Das,60.5,16.1,83.2,77.7,66.6,43.2,6.5,2,No,Bachelor,Yes,High
STU2003,Arun Reddy,95.9,11.5,49.0,49.4,40.6,84.1,6.7,0,Yes,Bachelor,Yes,Medium
STU2004,Kishore Murugan,68.5,10.4,63.7,68.7,51.9,65.7,6.2,0,Yes,High School,Yes,Medium
STU2005,Ashwin Das,56.1,20.3,69.7,69.6,60.4,38.9,6.5,4,No,High School,Yes,Medium
STU2006,Kishore Malhotra,79.0,19.7,48.0,59.7,52.5,58.5,8.1,0,No,Bachelor,Yes,Medium
STU2007,Ramesh Bose,64.0,16.4,60.6,53.9,39.2,70.8,7.3,2,Yes,Bachelor,Yes,Medium
STU2008,Sanjay Reddy,61.6,22.5,69.5,70.4,58.3,65.5,6.4,0,No,Bachelor,Yes,High
STU2009,Sathish Kumar,70.0,2.3,66.2,49.4,59.9,50.0,6.5,1,Yes,Master,Yes,Medium
STU2010,Sneha Kumar,77.2,12.0,72.1,64.8,54.5,46.4,6.8,0,No,High School,Yes,Medium
STU2011,Vijay Kumar,56.7,7.9,54.0,50.5,47.9,56.7,6.9,0,No,High School,Yes,Low
STU2012,Sneha Iyer,95.4,31.8,66.0,78.2,54.0,74.3,6.9,1,Yes,High School,Yes,High
STU2013,Vikram Rao,85.5,21.0,74.0,66.9,64.3,73.1,8.1,0,Yes,Bachelor,Yes,High
STU2014,Harish Bose,70.9,15.4,72.1,79.4,61.7,68.9,7.2,1,Yes,Bachelor,Yes,High
STU2015,Sathish Murugan,63.4,21.5,77.8,66.8,64.1,48.5,7.3,0,Yes,High School,Yes,High
STU2016,Rahul Menon,74.8,23.8,77.1,65.8,65.1,60.6,8.7,1,Yes,Bachelor,Yes,High
STU2017,Meena Verma,88.6,23.7,66.7,68.7,49.8,64.2,9.3,3,No,Bachelor,Yes,Medium
STU2018,Bharath Deshmukh,86.4,22.5,73.6,76.6,64.5,63.2,5.5,0,Yes,Doctorate,No,Medium
STU2019,Akashraj Patel,90.8,14.2,61.6,66.7,67.1,80.1,5.1,0,No,Bachelor,Yes,Medium
STU2020,Sathish Verma,69.3,12.5,68.5,61.2,39.9,63.0,6.6,2,Yes,Bachelor,Yes,Medium
STU2021,Sneha Joshi,45.0,9.3,58.3,56.6,52.2,31.4,7.9,1,No,Bachelor,Yes,Low
STU2022,Ashwin Rao,93.5,19.5,85.9,73.8,81.0,83.4,7.5,0,Yes,Doctorate,Yes,High
STU2023,Deepa Pillai,73.7,14.9,68.4,52.7,43.8,60.7,8.3,1,Yes,Doctorate,Yes,Medium
STU2024,Swetha Kumar,85.3,13.1,85.8,75.4,63.9,78.9,6.5,0,Yes,Bachelor,Yes,High
STU2025,Dayanithi Singh,99.4,12.7,76.0,53.0,65.8,69.5,4.7,0,Yes,Bachelor,Yes,Medium
STU2026,Arun Iyer,100.0,26.2,60.5,56.3,49.8,70.7,5.4,4,No,Bachelor,Yes,Medium
STU2027,Karthik Gupta,66.9,22.7,75.3,69.2,69.0,62.7,7.7,2,No,Bachelor,Yes,High
STU2028,Ashwin Deshmukh,77.9,28.8,82.5,72.7,72.7,55.8,8.3,1,No,Bachelor,Yes,High
STU2029,Swetha Nair,95.1,19.7,71.0,71.6,53.2,74.3,4.7,0,Yes,High School,Yes,High
STU2030,Ajay Das,64.2,16.4,73.0,67.6,52.4,46.4,8.7,0,Yes,Master,Yes,High
STU2031,Priya Nair,67.9,15.8,64.8,61.5,58.7,56.8,7.6,3,Yes,Bachelor,Yes,High
STU2032,Kavitha Chopra,67.8,8.9,72.3,50.3,59.6,60.4,6.9,0,No,Master,No,Medium
STU2033,Varun Kumar,75.6,7.2,75.1,59.6,74.5,65.5,6.2,0,Yes,Bachelor,Yes,High
STU2034,Rahul Singh,72.9,19.6,64.5,62.1,48.0,60.1,8.9,0,Yes,Bachelor,Yes,Medium
STU2035,Arun Sharma,67.7,9.5,58.0,55.7,59.3,64.0,8.1,1,Yes,High School,Yes,Medium
STU2036,Divya Murugan,62.5,17.5,88.7,67.5,58.0,59.0,7.6,0,Yes,Bachelor,Yes,Medium
STU2037,Gokul Reddy,87.4,23.8,79.9,75.4,69.8,71.5,6.1,0,Yes,Bachelor,Yes,High
STU2038,Karthik Deshmukh,94.7,11.3,64.9,55.0,63.0,70.6,8.9,3,Yes,Bachelor,Yes,High
STU2039,Manoj Rao,96.8,30.1,74.9,76.5,45.0,88.8,7.0,1,Yes,Master,Yes,High
STU2040,Rahul Pillai,69.3,9.1,52.8,57.9,53.8,65.4,7.4,0,Yes,High School,Yes,Medium
STU2041,Pooja Rao,88.0,22.9,46.3,53.0,56.5,62.4,7.1,2,Yes,Bachelor,Yes,Medium
STU2042,Tharun Rao,79.3,19.0,86.1,64.7,73.2,74.1,6.1,0,No,High School,Yes,High
STU2043,Deepa Gupta,68.0,24.4,75.0,73.5,74.7,69.6,7.4,0,Yes,Master,Yes,High
STU2044,Akashraj Singh,86.3,8.2,71.4,47.9,63.6,71.0,7.8,1,Yes,High School,Yes,Medium
STU2045,Ritu Verma,67.4,32.1,75.0,83.2,58.4,60.3,6.5,0,Yes,Bachelor,Yes,High
STU2046,Manoj Murugan,70.7,14.7,99.0,73.5,80.3,41.8,7.3,0,Yes,High School,Yes,High
STU2047,Akashraj Das,56.7,20.7,83.3,69.8,57.2,45.6,7.1,2,Yes,Bachelor,Yes,Medium
STU2048,Kishore Subramanian,69.5,26.1,58.4,68.4,52.7,70.1,8.1,4,No,Master,Yes,High
STU2049,Arun Deshmukh,79.6,11.8,50.2,56.0,53.5,59.9,6.6,1,No,High School,Yes,Medium
STU2050,Arun Murugan,98.0,21.8,85.7,72.4,73.3,77.2,7.3,0,Yes,Bachelor,Yes,High
STU2051,Arun Chopra,71.1,10.6,83.1,71.6,73.6,54.1,7.5,0,No,High School,Yes,High
STU2052,Ramesh Murugan,61.5,25.8,79.5,66.9,77.3,59.2,6.6,0,Yes,Bachelor,Yes,High
STU2053,Gokul Deshmukh,97.0,10.7,61.4,61.7,49.0,82.1,6.0,0,Yes,Bachelor,Yes,High
STU2054,Vijay Iyer,68.9,16.3,76.7,56.8,55.6,65.5,6.2,0,No,Bachelor,Yes,Medium
STU2055,Deepa Das,51.5,18.1,62.6,65.0,52.4,39.5,7.5,1,No,Bachelor,Yes,Medium
STU2056,Meena Pillai,77.9,21.5,80.6,67.5,60.2,67.8,6.7,0,No,Bachelor,Yes,Medium
STU2057,Priya Gupta,71.5,29.8,84.8,66.3,63.4,78.7,6.7,0,Yes,High School,Yes,High
STU2058,Arun Das,100.0,12.8,64.9,60.7,64.3,87.5,7.7,1,Yes,Bachelor,No,High
STU2059,Sathish Sharma,82.7,24.0,86.7,73.8,72.7,70.6,8.2,0,Yes,High School,Yes,High
STU2060,Dayanithi Patel,74.0,29.8,73.5,59.9,59.7,45.1,8.4,5,No,Bachelor,Yes,Medium
STU2061,Kavitha Singh,63.1,17.2,78.4,49.8,57.3,55.4,6.3,0,Yes,Master,Yes,Medium
STU2062,Bharath Singh,80.6,12.1,55.0,53.0,47.9,84.8,8.1,3,No,High School,Yes,Medium
STU2063,Akashraj Chopra,96.4,3.9,75.0,70.3,74.5,91.0,9.5,3,Yes,High School,Yes,High
STU2064,Harish Pillai,80.4,29.2,63.2,70.4,68.2,72.9,7.2,2,Yes,High School,Yes,Medium
STU2065,Deepa Rao,64.1,14.3,78.2,59.5,65.4,51.3,6.9,0,No,Doctorate,Yes,Medium
STU2066,Ritu Malhotra,83.5,9.0,91.1,75.5,62.7,70.6,6.7,4,No,Master,Yes,High
STU2067,Gokul Subramanian,75.3,6.5,75.8,66.5,58.8,72.9,5.7,0,Yes,Bachelor,Yes,Medium
STU2068,Ashwin Kumar,82.3,9.0,60.3,64.7,55.9,78.8,8.0,0,No,Bachelor,Yes,Medium
STU2069,Ajay Malhotra,71.0,22.4,80.1,76.0,57.1,65.7,6.9,0,Yes,High School,Yes,High
STU2070,Tharun Nair,70.7,23.4,77.2,77.0,63.1,71.0,6.8,0,Yes,Bachelor,Yes,High
STU2071,Gokul Deshmukh,70.2,20.6,98.8,82.7,73.4,61.5,7.8,0,No,Bachelor,No,High
STU2072,Manoj Malhotra,89.2,16.9,75.3,61.4,69.4,72.5,7.9,0,No,Bachelor,Yes,High
STU2073,Dayanithi Murugan,70.8,7.3,64.4,42.0,46.3,57.9,6.3,0,No,Master,Yes,Medium
STU2074,Kavitha Das,69.6,10.9,82.0,60.2,69.3,66.0,6.3,1,No,Bachelor,Yes,Medium
STU2075,Dayanithi Menon,62.8,8.3,70.3,66.9,49.3,67.7,6.3,0,No,High School,Yes,Medium
STU2076,Ritu Joshi,82.4,20.0,73.0,63.2,54.2,76.5,9.5,1,No,Bachelor,Yes,High
STU2077,Meena Rao,80.4,8.6,59.9,53.0,49.0,56.1,8.8,5,Yes,Bachelor,Yes,Medium
STU2078,Kishore Verma,69.7,11.0,70.4,50.4,54.3,50.2,7.8,0,No,Master,Yes,Medium
STU2079,Meena Sharma,66.1,14.7,72.4,58.4,38.9,70.7,6.5,1,No,Bachelor,Yes,Medium
STU2080,Dayanithi Verma,100.0,4.3,70.3,55.6,63.5,81.8,6.7,4,Yes,Bachelor,Yes,High
STU2081,Tharun Iyer,49.7,16.3,64.3,64.4,62.5,52.0,7.4,0,Yes,Bachelor,Yes,Medium
STU2082,Arun Deshmukh,82.9,15.2,75.7,60.7,65.3,71.7,9.7,0,Yes,Bachelor,Yes,High
STU2083,Enosh Deshmukh,94.1,24.3,60.0,59.4,53.9,94.0,7.3,3,No,Bachelor,No,High
STU2084,Priya Sharma,45.0,10.3,56.9,60.7,38.0,42.5,7.6,4,Yes,Doctorate,Yes,Medium
STU2085,Dayanithi Subramanian,87.1,6.9,81.2,64.2,51.9,83.4,4.0,1,No,High School,Yes,Medium
STU2086,Ananya Malhotra,72.9,13.4,80.0,68.6,51.0,66.1,7.3,0,Yes,High School,Yes,High
STU2087,Meena Chopra,79.6,8.3,55.0,64.2,50.6,51.8,5.3,3,Yes,Master,Yes,Low
STU2088,Sathish Verma,71.5,16.3,48.2,50.0,59.0,54.7,6.4,0,No,High School,No,Medium
STU2089,Vijay Verma,91.1,3.0,58.9,50.0,33.4,68.6,7.1,0,No,High School,No,Medium
STU2090,Ramesh Murugan,81.1,11.8,70.3,64.6,63.6,79.6,6.6,0,Yes,Bachelor,Yes,High
STU2091,Varun Verma,77.8,9.5,87.0,58.5,59.7,79.0,6.2,0,Yes,High School,Yes,Medium
STU2092,Ajay Pillai,63.4,20.0,70.0,66.8,53.6,61.6,6.2,2,No,Doctorate,Yes,Medium
STU2093,Sneha Sharma,100.0,10.3,62.0,56.2,50.1,74.8,6.7,2,No,Bachelor,Yes,High
STU2094,Akashraj Bose,76.1,3.8,73.9,79.1,52.8,56.6,6.7,2,No,Bachelor,Yes,Medium
STU2095,Pooja Pillai,100.0,14.6,70.5,62.8,62.7,91.4,7.0,0,No,High School,Yes,Medium
STU2096,Bharath Joshi,100.0,18.2,54.0,66.8,57.0,67.2,6.9,1,Yes,High School,Yes,High
STU2097,Arun Gupta,51.1,14.1,54.1,61.7,50.3,49.6,8.5,2,Yes,Bachelor,No,Low
STU2098,Sathish Kumar,66.8,11.7,54.5,44.6,33.3,83.7,4.5,0,Yes,Bachelor,Yes,Low
STU2099,Meena Iyer,61.5,11.3,99.0,59.0,73.2,51.7,7.3,4,Yes,Bachelor,Yes,High
STU2100,Sanjay Sharma,75.3,16.8,83.2,70.3,70.9,52.5,7.1,2,Yes,High School,Yes,High
STU2101,Sanjay Joshi,78.6,9.8,64.3,66.7,59.0,49.5,6.8,1,Yes,Bachelor,Yes,Medium
STU2102,Karthik Gupta,79.2,13.7,86.4,70.1,63.8,91.6,6.2,0,No,High School,Yes,Medium
STU2103,Bharath Menon,90.8,21.3,64.6,64.3,60.0,78.0,6.8,1,Yes,Bachelor,Yes,High
STU2104,Sanjay Subramanian,96.9,6.9,86.0,61.3,66.8,69.4,5.0,3,No,Bachelor,Yes,High
STU2105,Sneha Kumar,89.5,15.7,73.0,53.0,65.9,71.8,7.2,0,No,High School,Yes,High
STU2106,Tharun Iyer,68.1,3.5,63.4,44.8,46.8,54.2,7.5,2,No,Bachelor,Yes,Medium
STU2107,Swetha Reddy,65.1,17.6,80.8,54.9,59.5,40.4,6.2,0,No,High School,Yes,Medium
STU2108,Kavitha Bose,76.0,9.1,73.8,51.2,44.6,73.5,9.3,1,No,Bachelor,Yes,Medium
STU2109,Kavitha Kumar,82.0,23.1,77.2,65.5,64.3,69.5,6.9,1,Yes,Bachelor,Yes,High
STU2110,Meena Menon,73.4,5.7,74.8,64.5,54.2,71.1,7.1,1,Yes,High School,Yes,High
STU2111,Sanjay Bose,57.2,19.1,74.7,62.8,59.8,54.4,8.6,3,Yes,Master,Yes,Medium
STU2112,Karthik Subramanian,85.5,24.5,82.4,74.7,72.5,72.6,9.6,0,Yes,Bachelor,No,High
STU2113,Akashraj Nair,70.5,8.8,99.0,71.0,66.8,40.0,5.7,0,No,Master,Yes,Medium
STU2114,Ajay Deshmukh,70.1,10.0,88.2,70.3,66.2,71.1,6.3,2,No,High School,Yes,Medium
STU2115,Akashraj Murugan,75.2,9.4,74.9,52.3,58.5,54.2,6.9,0,No,Master,Yes,Medium
STU2116,Sathish Nair,72.6,12.6,68.0,68.2,59.5,55.2,6.1,1,Yes,High School,Yes,High
STU2117,Vijay Bose,70.9,19.6,69.4,53.3,59.8,57.3,8.0,0,No,Bachelor,Yes,Medium
STU2118,Kishore Sharma,58.1,12.0,55.7,50.9,50.0,34.3,6.0,0,Yes,Master,Yes,Medium
STU2119,Ramesh Chopra,74.4,8.2,80.6,62.0,59.0,58.8,8.5,1,No,High School,Yes,High
STU2120,Rahul Murugan,85.8,2.0,58.8,55.8,63.8,65.0,7.7,2,Yes,High School,Yes,High
STU2121,Kavitha Subramanian,79.7,27.2,67.2,79.2,65.3,64.0,8.4,0,Yes,Bachelor,Yes,High
STU2122,Rahul Verma,89.3,27.8,80.7,80.1,77.8,56.6,6.0,0,Yes,Bachelor,Yes,High
STU2123,Swetha Pillai,65.8,19.9,68.9,75.8,60.1,68.8,6.5,0,No,Bachelor,Yes,Medium
STU2124,Ananya Kumar,58.1,10.3,65.6,50.8,52.7,58.8,8.1,0,Yes,High School,Yes,Medium
STU2125,Swetha Gupta,72.6,21.2,56.4,69.8,51.2,54.9,7.9,0,Yes,Bachelor,Yes,Medium
STU2126,Rahul Verma,67.4,22.6,87.7,81.8,64.5,54.6,6.7,0,No,High School,Yes,High
STU2127,Pooja Kumar,68.9,14.2,61.2,38.8,54.2,69.7,6.8,2,No,Master,Yes,Medium
STU2128,Kavitha Murugan,79.0,16.3,64.4,58.8,56.4,64.8,6.5,1,Yes,Bachelor,Yes,Medium
STU2129,Arun Kumar,69.0,24.6,48.7,64.1,45.9,49.0,6.8,0,No,Bachelor,Yes,Medium
STU2130,Pooja Singh,58.5,4.5,71.7,52.3,45.8,54.3,5.8,1,Yes,High School,Yes,Medium
STU2131,Vijay Murugan,68.2,23.0,67.7,57.2,64.7,50.0,5.6,3,Yes,Master,Yes,Medium
STU2132,Sneha Deshmukh,80.8,13.8,74.4,80.0,64.4,61.4,8.2,0,Yes,Bachelor,Yes,High
STU2133,Manoj Joshi,85.4,8.2,56.7,53.5,42.6,70.7,6.8,0,Yes,Master,Yes,Low
STU2134,Dayanithi Iyer,85.3,8.8,81.5,64.0,65.0,81.7,8.4,1,Yes,High School,Yes,High
STU2135,Swetha Malhotra,81.9,9.9,48.1,39.7,42.5,89.4,7.7,0,No,Bachelor,No,Medium
STU2136,Deepa Subramanian,73.6,7.5,70.8,52.9,53.6,77.8,7.4,1,Yes,Bachelor,Yes,Medium
STU2137,Karthik Subramanian,81.7,28.4,73.5,64.3,64.3,68.3,6.1,2,No,High School,Yes,High
STU2138,Dayanithi Joshi,75.4,19.4,72.8,74.4,59.4,87.8,5.5,1,No,Bachelor,Yes,High
STU2139,Vijay Deshmukh,77.6,23.5,74.1,72.8,59.3,72.1,6.5,1,Yes,High School,Yes,High
STU2140,Ajay Reddy,62.8,19.9,82.3,65.3,70.6,47.9,8.8,1,Yes,Bachelor,Yes,High
STU2141,Manoj Bose,76.6,16.4,89.2,75.0,56.4,66.9,8.1,0,No,Bachelor,Yes,High
STU2142,Vijay Reddy,81.3,16.5,70.0,60.9,57.5,62.2,6.3,0,No,Bachelor,Yes,Medium
STU2143,Bharath Menon,80.8,13.2,59.4,58.6,59.1,56.0,6.5,3,No,Bachelor,Yes,Medium
STU2144,Enosh Bose,58.0,13.8,79.3,66.8,63.6,43.1,5.9,4,No,Bachelor,Yes,Medium
STU2145,Priya Pillai,77.3,6.1,68.4,59.4,63.3,64.9,5.1,2,Yes,High School,Yes,Medium
STU2146,Tharun Reddy,55.8,23.6,88.4,76.9,79.1,61.0,7.1,3,No,Bachelor,Yes,High
STU2147,Pooja Das,78.4,3.3,64.2,56.0,65.7,77.7,9.1,0,Yes,Master,Yes,High
STU2148,Swetha Deshmukh,66.2,8.6,60.8,64.5,43.8,47.3,9.1,0,No,High School,Yes,Medium
STU2149,Kishore Patel,99.9,30.1,73.9,77.7,55.0,76.9,7.7,0,No,High School,No,High
STU2150,Divya Joshi,77.7,17.0,49.4,52.3,48.6,71.5,6.3,0,Yes,Bachelor,Yes,Medium
STU2151,Ananya Reddy,87.2,17.2,65.9,60.9,47.6,73.8,5.3,2,Yes,Bachelor,No,High
STU2152,Ashwin Malhotra,100.0,20.5,67.7,74.2,49.3,86.9,8.3,5,No,Bachelor,Yes,High
STU2153,Priya Chopra,64.6,5.2,74.9,59.0,59.0,54.4,7.5,2,Yes,Bachelor,Yes,High
STU2154,Karthik Reddy,82.1,6.2,59.0,49.3,54.7,82.0,6.6,1,Yes,High School,Yes,Medium
STU2155,Sathish Subramanian,59.4,12.9,60.6,51.9,60.0,55.6,6.4,0,No,Master,Yes,Low
STU2156,Vikram Murugan,80.8,9.7,87.0,67.8,72.2,76.1,7.7,0,No,Bachelor,Yes,Medium
STU2157,Ananya Nair,100.0,15.5,71.8,56.2,74.5,76.2,6.0,0,Yes,High School,No,High
STU2158,Karthik Nair,67.2,19.4,83.2,80.2,67.7,60.9,7.3,1,No,High School,Yes,High
STU2159,Gokul Chopra,63.6,25.7,65.0,58.1,44.0,42.2,5.5,0,No,Bachelor,Yes,Medium
STU2160,Ananya Rao,74.7,21.7,71.3,78.4,66.6,56.5,9.7,4,No,Bachelor,Yes,High
STU2161,Gokul Reddy,100.0,9.0,74.8,58.0,72.1,77.9,6.2,3,No,Bachelor,Yes,High
STU2162,Ritu Reddy,86.8,13.4,94.7,62.3,73.0,73.1,7.8,0,No,Doctorate,Yes,High
STU2163,Enosh Nair,63.3,11.5,69.2,61.1,64.6,84.8,5.6,0,No,High School,Yes,Medium
STU2164,Enosh Sharma,96.4,8.9,69.8,50.6,57.5,74.0,6.8,1,Yes,Doctorate,Yes,Medium
STU2165,Deepa Menon,52.8,7.3,86.3,64.2,64.7,37.9,8.1,0,No,Bachelor,Yes,Medium
STU2166,Ananya Deshmukh,100.0,27.7,67.1,63.8,59.2,97.0,8.3,2,Yes,Bachelor,Yes,High
STU2167,Varun Menon,88.0,16.1,75.7,72.5,80.6,83.6,7.9,1,Yes,Master,Yes,High
STU2168,Dayanithi Gupta,100.0,14.4,85.1,68.8,75.4,68.4,6.8,0,Yes,Bachelor,Yes,High
STU2169,Sathish Gupta,52.9,19.4,64.5,52.9,41.0,56.4,6.2,1,No,High School,Yes,Low
STU2170,Vijay Rao,78.4,19.7,76.4,62.6,73.6,75.4,5.7,0,No,Master,Yes,High
STU2171,Gokul Rao,74.1,23.8,94.7,82.8,67.0,66.1,8.8,3,No,Bachelor,Yes,High
STU2172,Divya Joshi,61.9,10.8,84.0,75.4,63.8,60.4,7.1,0,Yes,Bachelor,Yes,Medium
STU2173,Ramesh Singh,57.9,18.8,75.7,66.2,60.7,48.4,7.3,3,Yes,Master,Yes,High
STU2174,Sneha Malhotra,83.1,9.6,69.1,50.0,59.5,74.9,8.4,1,Yes,Bachelor,Yes,High
STU2175,Gokul Bose,84.4,14.7,64.1,67.9,60.6,65.7,7.7,2,No,Bachelor,Yes,Medium
STU2176,Sneha Nair,94.2,16.4,59.2,64.1,48.0,50.1,6.8,0,Yes,Bachelor,Yes,Medium
STU2177,Ananya Malhotra,69.0,17.1,91.6,82.4,73.2,63.4,7.9,1,Yes,Bachelor,Yes,High
STU2178,Harish Reddy,74.0,16.8,89.1,73.0,75.3,47.6,6.3,1,Yes,High School,No,High
STU2179,Ananya Sharma,56.6,21.6,63.5,59.2,57.8,64.1,5.1,1,No,Bachelor,Yes,Medium
STU2180,Dayanithi Malhotra,97.6,11.8,76.4,66.8,55.7,67.3,8.7,2,No,High School,Yes,High
STU2181,Arun Deshmukh,77.0,17.3,73.4,67.4,55.4,41.7,6.4,1,No,Bachelor,Yes,High
STU2182,Ramesh Patel,86.1,10.7,87.4,61.8,59.4,54.0,6.6,3,Yes,Master,Yes,High
STU2183,Deepa Kumar,86.6,36.4,77.0,79.2,68.0,71.5,6.7,0,Yes,High School,Yes,High
STU2184,Akashraj Chopra,96.4,9.6,71.7,57.9,49.9,79.7,6.3,2,Yes,High School,Yes,High
STU2185,Enosh Joshi,64.4,11.1,65.0,63.6,45.4,44.5,8.3,0,Yes,High School,Yes,Medium
STU2186,Arun Deshmukh,85.8,22.2,76.4,72.8,59.3,60.8,7.4,2,Yes,Bachelor,Yes,High
STU2187,Rahul Nair,75.6,13.0,67.5,51.4,41.3,65.3,6.6,4,Yes,Master,Yes,Medium
STU2188,Manoj Rao,100.0,22.2,74.9,59.1,62.8,89.7,5.5,0,Yes,Bachelor,Yes,High
STU2189,Sanjay Pillai,64.3,17.1,71.0,62.9,41.0,46.5,7.4,1,Yes,High School,Yes,Medium
STU2190,Karthik Kumar,92.4,13.2,67.2,60.1,61.8,79.2,4.1,1,Yes,Bachelor,Yes,High
STU2191,Rahul Nair,80.9,10.7,59.4,61.3,50.4,51.2,7.3,0,No,Bachelor,Yes,Medium
STU2192,Bharath Malhotra,80.2,10.5,78.7,66.9,58.5,71.3,8.6,1,No,Bachelor,Yes,High
STU2193,Rahul Rao,76.8,13.3,72.6,73.7,57.6,73.6,7.1,0,No,Bachelor,Yes,High
STU2194,Enosh Nair,94.9,14.8,95.2,68.2,72.7,82.2,8.4,3,Yes,High School,Yes,High
STU2195,Sanjay Chopra,79.7,10.2,58.6,50.4,54.5,77.8,5.5,3,Yes,Bachelor,Yes,Medium
STU2196,Manoj Nair,54.7,15.2,80.1,58.5,66.5,62.1,9.4,2,No,High School,Yes,Medium
STU2197,Gokul Pillai,93.1,8.3,70.9,64.3,68.2,94.3,8.3,1,Yes,High School,Yes,High
STU2198,Harish Reddy,90.5,21.3,99.0,77.6,91.5,75.4,7.6,2,No,Master,Yes,High
STU2199,Sathish Iyer,84.2,22.6,79.1,55.4,66.1,89.0,6.3,0,No,Bachelor,Yes,Medium
STU2200,Ananya Nair,60.2,11.1,76.2,63.8,58.6,46.7,6.1,0,No,High School,Yes,Medium
