Student_ID,Attendance_Percentage,Previous_Semester_CGPA,Internal_Marks,Assignment_Score,Quiz_Score,Study_Hours_Per_Day,Previous_Backlogs,Practical_Marks,Performance_Level
STU362,79.0,5.5,53,50,50,2.0,1,55,Average
STU074,90.5,9.28,92,91,92,7.8,0,87,Excellent
STU375,83.8,5.87,66,56,59,3.3,1,59,Average
STU156,81.7,7.51,81,77,78,4.4,0,84,Good
STU105,98.8,9.35,92,90,86,7.6,0,82,Excellent
STU395,58.4,5.2,31,50,23,0.4,3,55,Poor
STU378,61.9,4.2,29,44,21,2.1,2,49,Poor
STU125,94.6,9.32,81,94,91,7.5,0,96,Excellent
STU069,88.7,9.41,88,93,85,5.3,0,89,Excellent
STU451,51.7,4.42,50,49,46,2.1,2,39,Poor
STU010,86.8,8.59,82,97,84,5.6,0,94,Excellent
STU195,90.4,8.73,66,83,73,3.6,0,71,Good
STU407,66.4,4.31,41,29,38,1.5,1,37,Poor
STU085,87.3,9.79,93,83,94,4.9,0,99,Excellent
STU372,74.3,6.87,67,70,56,2.3,1,60,Average
STU389,48.7,4.43,25,39,27,1.5,1,46,Poor
STU496,50.5,4.19,48,57,32,1.3,2,27,Poor
STU031,95.7,9.2,93,92,98,7.3,0,93,Excellent
STU317,65.9,7.18,60,54,67,2.6,2,57,Average
STU409,68.3,4.16,42,34,33,1.6,2,52,Poor
STU491,56.7,5.75,39,25,32,0.7,2,49,Poor
STU492,65.0,5.49,44,30,53,0.5,2,34,Poor
STU281,67.8,5.6,68,53,50,2.5,0,63,Average
STU357,83.7,6.8,66,58,56,3.7,3,62,Average
STU077,91.1,9.96,82,92,92,5.9,0,84,Excellent
STU462,47.4,4.61,51,42,25,0.5,2,47,Poor
STU498,65.5,4.28,39,57,40,1.3,2,48,Poor
STU212,80.2,7.28,71,66,68,4.1,0,70,Good
STU102,88.6,8.95,95,93,81,4.3,0,82,Excellent
STU335,70.2,6.32,55,55,69,2.1,1,66,Average
STU476,63.1,5.22,40,52,46,0.3,1,33,Poor
STU337,67.0,6.07,57,50,64,2.3,1,62,Average
STU441,61.7,4.21,48,33,54,1.0,5,36,Poor
STU174,81.4,8.66,79,85,83,2.8,0,87,Good
STU003,86.2,9.45,80,88,83,7.4,0,92,Excellent
STU334,78.5,6.09,56,55,65,3.4,0,68,Average
STU410,59.0,5.72,41,47,29,0.5,2,54,Poor
STU071,87.1,8.84,88,89,81,4.3,0,88,Excellent
STU210,83.5,8.59,84,86,78,5.2,0,67,Good
STU064,90.0,8.55,86,85,80,5.6,0,83,Excellent
STU385,66.2,5.55,51,57,43,0.6,3,25,Poor
STU094,88.0,8.75,85,95,93,6.8,0,87,Excellent
STU486,63.6,4.93,34,48,26,0.9,4,53,Poor
STU186,91.0,7.18,78,88,76,3.3,2,74,Good
STU034,93.7,9.93,93,93,94,4.3,0,82,Excellent
STU078,88.9,9.86,83,89,89,4.6,0,97,Excellent
STU001,87.3,8.71,97,93,92,6.8,0,97,Excellent
STU012,90.5,9.07,93,97,93,6.0,0,94,Excellent
STU416,49.8,4.26,34,55,48,2.1,3,35,Poor
STU023,85.1,9.79,88,97,89,6.1,0,93,Excellent
STU073,89.8,9.63,98,87,82,5.0,1,89,Excellent
STU183,78.4,8.7,76,86,75,4.1,0,85,Good
STU132,90.5,7.18,82,83,78,5.1,0,86,Good
STU411,64.9,4.65,43,58,50,1.1,1,27,Poor
STU194,82.7,7.5,74,67,72,4.2,0,74,Good
STU056,97.0,9.61,82,94,84,7.4,0,95,Excellent
STU149,88.2,8.39,82,88,65,3.8,0,75,Good
STU019,91.8,8.77,84,95,87,6.8,0,91,Excellent
STU205,91.8,8.09,76,79,80,4.2,1,78,Good
STU079,92.6,9.0,95,97,96,7.5,0,100,Excellent
STU495,67.5,4.83,41,50,24,0.4,5,43,Poor
STU263,66.8,6.4,56,55,61,3.9,1,56,Average
STU324,78.8,6.38,59,59,49,3.2,0,60,Average
STU484,48.2,5.6,30,31,23,2.0,5,25,Poor
STU080,92.5,9.61,97,82,92,8.0,1,99,Excellent
STU040,95.5,8.61,88,94,93,6.1,0,85,Excellent
STU452,53.8,5.7,27,37,45,0.4,4,50,Poor
STU047,97.8,8.6,94,89,90,5.2,0,98,Excellent
STU239,85.8,8.75,69,74,80,3.5,0,66,Good
STU392,53.0,4.38,28,42,27,1.8,1,45,Poor
STU353,74.9,5.93,61,68,63,2.4,0,60,Average
STU342,83.8,5.9,54,57,48,1.7,2,64,Average
STU278,66.0,5.62,55,56,54,3.6,2,57,Average
STU291,79.1,5.6,53,50,51,3.9,2,52,Average
STU318,64.6,5.67,68,50,53,2.6,0,66,Average
STU305,82.2,6.85,56,71,50,1.6,2,57,Average
STU269,82.1,7.16,57,65,59,2.4,0,69,Average
STU070,98.8,8.58,80,86,88,5.4,0,89,Excellent
STU456,61.3,4.68,35,29,20,2.0,1,52,Poor
STU466,65.2,5.06,46,56,27,1.9,2,49,Poor
STU155,90.2,8.66,80,83,83,4.8,0,85,Good
STU083,93.1,8.72,97,99,87,7.0,0,84,Excellent
STU478,66.5,4.38,48,54,30,1.7,4,49,Poor
STU173,87.7,8.15,74,73,68,3.1,0,86,Good
STU322,82.4,7.12,53,52,53,2.8,0,60,Average
STU091,92.9,8.54,87,82,90,4.3,0,97,Excellent
STU181,79.3,8.67,77,81,78,5.2,0,83,Good
STU415,60.9,4.73,46,54,31,0.5,1,30,Poor
STU313,81.8,6.98,58,53,49,1.9,0,70,Average
STU279,80.3,5.86,65,55,51,3.6,2,52,Average
STU382,49.9,5.55,41,50,37,1.3,1,33,Poor
STU473,63.5,4.58,25,35,44,0.9,2,52,Poor
STU363,72.8,5.75,68,59,65,2.3,3,53,Average
STU325,65.8,6.66,65,64,66,3.1,2,66,Average
STU432,67.9,4.72,38,37,21,1.2,5,41,Poor
STU348,61.5,6.54,66,55,68,3.5,0,58,Average
STU087,86.3,9.48,83,96,85,5.2,0,97,Excellent
STU076,94.7,9.79,82,85,94,5.5,0,88,Excellent
STU439,46.7,4.54,47,49,42,2.0,4,32,Poor
STU016,90.5,9.94,84,95,90,4.8,0,95,Excellent
STU250,92.9,8.6,82,70,72,2.6,2,73,Good
STU434,59.5,5.58,40,57,42,0.6,3,26,Poor
STU020,91.0,9.86,96,91,82,7.2,0,85,Excellent
STU323,67.2,5.85,57,51,51,3.4,2,62,Average
STU333,79.2,6.21,55,54,61,1.7,0,67,Average
STU057,91.1,9.14,81,87,81,4.0,1,96,Excellent
STU302,64.4,6.24,57,58,55,2.1,0,64,Average
STU230,89.9,8.19,76,66,82,4.1,1,88,Good
STU332,70.0,6.56,55,71,67,3.8,0,71,Average
STU133,85.5,7.82,69,75,65,3.7,0,68,Good
STU138,92.8,7.65,79,68,76,2.5,1,85,Good
STU424,59.3,4.2,38,27,32,1.2,2,54,Poor
STU336,67.9,5.9,51,55,51,3.6,1,64,Average
STU026,89.7,9.13,80,94,96,6.6,0,93,Excellent
STU465,58.8,4.57,50,27,30,0.4,4,47,Poor
STU282,82.4,7.25,67,62,69,2.5,0,56,Average
STU248,81.2,7.64,72,81,78,3.2,0,86,Good
STU238,78.5,8.68,69,71,74,3.6,2,72,Good
STU118,86.1,9.07,88,96,97,7.7,1,90,Excellent
STU043,92.2,9.3,95,86,89,7.6,0,97,Excellent
STU221,89.5,8.41,70,72,63,3.3,1,68,Good
STU177,75.3,7.23,82,85,69,2.7,0,88,Good
STU321,77.6,6.14,56,68,51,3.7,0,70,Average
STU154,89.3,8.5,79,77,69,4.8,0,87,Good
STU232,86.9,8.14,69,71,73,4.4,0,66,Good
STU228,85.2,7.79,69,68,62,2.6,0,86,Good
STU418,62.9,4.74,30,38,42,0.5,1,28,Poor
STU204,92.6,7.27,69,79,72,4.6,0,78,Good
STU127,91.0,8.21,79,89,77,4.9,0,72,Good
STU330,76.3,6.54,56,64,51,2.6,0,60,Average
STU032,94.9,8.54,86,96,97,7.5,0,82,Excellent
STU114,94.0,9.39,88,96,96,6.3,0,86,Excellent
STU471,63.5,4.83,43,26,55,1.8,3,45,Poor
STU272,79.8,5.66,53,56,66,2.3,1,60,Average
STU141,83.3,8.39,79,85,67,3.9,2,79,Good
STU058,87.2,8.55,81,83,80,7.9,0,97,Excellent
STU193,76.4,7.89,69,76,84,5.4,1,78,Good
STU025,98.5,8.76,80,82,91,7.0,0,100,Excellent
STU018,86.1,8.75,91,92,84,5.3,0,94,Excellent
STU266,73.9,7.11,68,63,55,1.8,0,60,Average
STU067,94.4,9.28,86,98,87,4.8,0,83,Excellent
STU209,89.5,8.38,68,66,75,4.4,1,71,Good
STU480,53.9,4.18,52,55,36,1.3,1,30,Poor
STU095,87.1,8.96,94,91,86,5.9,0,84,Excellent
STU254,81.2,6.97,63,68,54,3.6,0,52,Average
STU267,75.5,6.83,59,64,60,1.7,0,57,Average
STU024,85.2,9.04,92,94,94,6.9,0,93,Excellent
STU223,86.7,8.65,71,70,68,4.6,0,65,Good
STU262,77.6,5.96,56,56,59,2.8,2,61,Average
STU427,51.8,4.58,52,37,39,1.9,2,55,Poor
STU006,96.3,9.96,87,97,91,8.0,0,86,Excellent
STU117,89.3,8.86,97,89,87,5.5,0,87,Excellent
STU046,87.8,9.29,85,93,85,4.8,0,87,Excellent
STU017,97.7,9.44,91,95,92,5.8,0,83,Excellent
STU463,60.4,4.67,28,36,20,1.7,4,53,Poor
STU358,79.6,6.7,57,54,55,2.1,0,58,Average
STU004,86.1,9.54,84,96,93,5.0,0,100,Excellent
STU219,75.1,8.05,81,68,81,2.9,0,76,Good
STU406,59.2,4.68,34,57,51,0.4,1,26,Poor
STU061,89.3,9.18,80,82,94,6.6,0,99,Excellent
STU111,93.7,9.11,82,87,87,7.6,0,89,Excellent
STU319,76.8,6.52,50,65,61,3.1,1,58,Average
STU429,62.8,5.01,52,45,27,1.7,1,41,Poor
STU030,87.1,8.58,96,91,81,4.8,0,84,Excellent
STU438,65.9,4.63,43,54,35,2.0,4,33,Poor
STU472,56.5,4.42,40,38,51,1.4,3,48,Poor
STU027,90.1,8.56,96,85,97,5.6,1,82,Excellent
STU008,92.8,9.67,93,96,85,7.6,0,97,Excellent
STU454,47.2,4.19,42,47,39,1.3,3,40,Poor
STU109,95.2,9.24,95,94,92,4.6,0,83,Excellent
STU038,91.6,9.99,95,82,84,7.7,0,93,Excellent
STU158,75.5,8.47,81,67,82,3.8,1,76,Good
STU490,58.1,4.91,40,33,43,1.5,1,40,Poor
STU119,89.3,9.14,86,93,84,4.9,0,84,Excellent
STU115,85.9,8.57,80,92,80,7.4,0,90,Excellent
STU176,76.5,7.72,77,80,73,4.8,0,79,Good
STU374,61.8,6.12,58,55,48,1.8,2,56,Average
STU182,82.1,7.78,65,67,82,4.0,0,71,Good
STU145,79.4,8.16,83,76,84,5.3,0,87,Good
STU370,77.9,5.51,51,55,50,3.6,0,58,Average
STU391,61.7,4.67,51,25,47,1.9,2,44,Poor
STU196,87.6,8.7,83,74,72,4.2,0,82,Good
STU405,55.1,4.9,51,52,36,1.8,4,54,Poor
STU276,60.4,6.12,54,68,65,2.8,2,55,Average
STU455,45.8,5.25,40,47,51,1.0,2,43,Poor
STU142,75.2,8.76,78,77,73,4.4,0,73,Good
STU366,70.3,6.37,52,65,45,3.4,2,63,Average
STU068,94.0,9.12,91,90,87,7.3,0,100,Excellent
STU211,88.4,8.78,68,70,82,4.0,0,66,Good
STU169,88.9,7.92,76,68,74,5.2,0,72,Good
STU494,67.1,4.25,37,34,36,2.1,2,40,Poor
STU376,62.2,5.63,44,36,28,1.5,1,45,Poor
STU401,57.0,4.76,43,28,29,0.8,5,44,Poor
STU273,74.5,6.62,65,55,53,2.3,0,55,Average
STU110,88.9,9.84,89,90,86,7.6,0,96,Excellent
STU249,93.2,8.17,76,76,80,3.2,0,79,Good
STU146,81.7,7.3,76,85,70,5.0,0,71,Good
STU093,97.6,9.89,89,84,85,4.1,0,95,Excellent
STU153,88.8,8.37,67,83,65,5.2,0,73,Good
STU368,71.3,7.05,66,55,61,3.7,1,68,Average
STU468,47.5,4.44,45,41,31,1.6,2,47,Poor
STU084,88.3,8.99,88,87,82,5.9,0,95,Excellent
STU246,87.7,7.78,65,73,72,3.2,1,83,Good
STU166,93.0,8.26,71,68,77,2.5,0,66,Good
STU164,76.7,8.61,73,84,80,2.9,0,75,Good
STU200,78.5,8.33,82,65,77,2.9,2,80,Good
STU229,92.5,8.21,69,86,69,5.2,0,71,Good
STU075,96.9,9.29,89,93,80,6.3,0,93,Excellent
STU479,63.3,4.61,27,31,46,1.1,4,58,Poor
STU359,71.8,7.14,66,56,66,3.2,1,57,Average
STU251,73.4,7.12,63,54,48,3.4,0,56,Average
STU120,86.6,8.53,91,91,90,5.8,0,87,Excellent
STU311,82.2,7.15,69,51,56,2.9,2,65,Average
STU300,72.4,7.04,50,52,54,3.4,1,60,Average
STU256,80.9,7.17,57,58,61,1.6,3,57,Average
STU355,66.8,5.74,57,61,55,1.5,1,61,Average
STU400,68.9,5.45,52,54,39,0.9,2,34,Poor
STU226,75.8,7.81,67,74,78,4.9,0,73,Good
STU354,78.6,6.56,61,63,67,2.2,0,60,Average
STU235,91.5,8.11,84,70,80,3.1,1,71,Good
STU383,62.7,4.3,42,34,46,1.1,2,46,Poor
STU275,70.9,5.78,58,61,60,3.2,0,56,Average
STU037,93.2,8.54,82,95,80,5.6,0,83,Excellent
STU197,87.4,7.03,65,67,64,4.5,2,75,Good
STU140,88.7,7.53,70,76,77,4.2,1,70,Good
STU365,61.0,6.56,66,69,57,2.7,1,66,Average
STU245,76.3,7.88,73,81,79,4.3,0,67,Good
STU440,49.2,4.92,37,35,49,1.6,3,43,Poor
STU287,81.9,6.44,64,64,70,3.7,0,63,Average
STU060,86.8,9.1,97,83,87,4.6,0,86,Excellent
STU112,85.7,9.93,83,86,81,4.8,0,83,Excellent
STU090,95.7,9.53,93,88,80,5.0,0,100,Excellent
STU437,64.0,5.27,34,30,28,1.2,3,57,Poor
STU007,95.0,8.57,98,99,86,7.8,0,92,Excellent
STU361,82.3,7.02,55,57,64,3.6,0,57,Average
STU347,69.7,7.2,50,62,68,3.6,2,56,Average
STU339,60.7,5.53,62,66,70,3.3,0,54,Average
STU159,79.9,8.63,67,71,82,3.3,2,79,Good
STU151,78.0,7.78,68,78,73,4.8,0,85,Good
STU178,79.2,7.35,70,74,68,2.8,0,69,Good
STU394,56.2,5.2,28,35,40,0.8,2,38,Poor
STU185,90.6,8.06,69,89,78,4.0,0,86,Good
STU450,58.7,4.62,49,27,33,1.5,4,29,Poor
STU011,91.5,8.94,92,96,85,6.5,0,94,Excellent
STU381,61.0,5.48,51,37,41,1.0,4,37,Poor
STU104,90.8,9.36,83,96,97,5.2,0,87,Excellent
STU082,91.3,9.65,91,86,83,4.9,0,83,Excellent
STU039,93.3,9.84,91,90,83,5.9,0,91,Excellent
STU315,75.4,5.77,53,69,45,2.1,3,69,Average
STU168,82.8,8.69,65,70,83,4.2,0,87,Good
STU470,53.3,5.17,38,51,42,1.6,2,53,Poor
STU297,74.3,5.57,60,71,62,3.5,1,61,Average
STU475,49.6,5.54,51,55,24,1.4,1,54,Poor
STU199,88.8,7.96,68,73,67,2.8,1,88,Good
STU298,69.8,5.65,64,62,49,3.2,1,52,Average
STU417,46.4,4.29,45,41,29,0.4,3,28,Poor
STU147,80.8,8.09,77,85,70,4.9,0,83,Good
STU393,59.2,4.94,48,58,22,0.7,3,57,Poor
STU148,85.8,8.76,78,84,82,4.8,0,76,Good
STU448,61.8,4.34,32,54,28,1.2,5,49,Poor
STU288,67.0,7.13,57,58,54,1.8,2,71,Average
STU124,88.6,9.52,82,92,95,6.9,1,95,Excellent
STU369,69.4,6.05,63,52,68,3.4,2,67,Average
STU097,85.1,9.97,83,90,84,5.3,0,99,Excellent
STU144,86.2,8.53,68,66,80,5.3,0,80,Good
STU240,89.5,7.67,78,89,72,5.2,0,68,Good
STU443,65.6,5.5,44,44,38,0.4,2,29,Poor
STU098,92.2,9.0,89,83,97,7.6,0,98,Excellent
STU408,65.3,5.33,48,54,33,0.9,1,38,Poor
STU123,86.7,9.27,96,94,95,6.7,0,90,Excellent
STU184,78.5,7.5,74,78,73,3.6,1,85,Good
STU203,87.8,8.28,68,85,80,5.0,0,70,Good
STU247,76.7,8.36,78,85,80,4.6,1,87,Good
STU306,61.0,6.12,51,68,60,3.3,0,63,Average
STU299,63.7,5.69,51,52,62,1.7,1,59,Average
STU352,81.8,5.58,66,69,52,2.9,0,67,Average
STU387,55.6,5.06,29,32,21,1.2,2,44,Poor
STU396,49.7,4.15,29,48,48,1.1,2,33,Poor
STU285,78.8,6.92,51,67,58,2.1,1,53,Average
STU126,92.9,7.3,82,66,82,4.2,0,82,Good
STU303,80.3,5.55,60,66,66,3.8,1,57,Average
STU224,75.7,7.46,83,74,67,3.7,0,76,Good
STU419,54.0,4.82,51,49,32,1.0,2,44,Poor
STU220,89.7,7.17,65,89,84,5.0,1,74,Good
STU130,84.5,7.27,69,83,64,3.5,0,65,Good
STU421,63.4,4.6,36,27,44,2.1,4,37,Poor
STU290,73.7,5.84,66,55,52,3.9,0,71,Average
STU445,67.9,4.55,54,57,53,2.0,4,55,Poor
STU377,63.3,4.65,41,50,54,1.2,3,53,Poor
STU292,69.3,6.42,68,56,59,2.1,0,60,Average
STU356,77.3,6.91,64,61,68,3.4,0,68,Average
STU295,61.9,6.32,63,62,51,2.1,1,70,Average
STU397,47.8,4.84,43,34,49,0.8,3,36,Poor
STU341,72.1,7.27,65,65,45,2.0,1,50,Average
STU113,92.9,9.48,87,88,84,4.2,0,98,Excellent
STU180,82.7,7.4,83,71,79,3.2,0,82,Good
STU308,69.5,6.13,68,61,56,1.9,1,68,Average
STU433,45.5,4.15,42,51,55,2.0,4,34,Poor
STU488,58.0,5.11,39,34,22,1.7,2,33,Poor
STU482,47.8,5.25,46,27,34,2.1,3,30,Poor
STU423,50.6,4.19,40,45,40,1.1,3,42,Poor
STU234,81.1,7.84,72,71,80,4.5,1,68,Good
STU312,81.0,5.73,58,69,66,3.5,2,66,Average
STU165,92.7,8.16,70,71,82,4.3,0,79,Good
STU137,90.0,8.13,71,89,67,2.7,0,76,Good
STU198,93.7,8.27,73,71,62,4.7,0,74,Good
STU259,60.8,5.66,52,72,49,3.8,0,65,Average
STU233,86.1,8.7,74,82,68,2.7,1,72,Good
STU116,87.3,9.22,87,92,81,6.0,0,82,Excellent
STU121,97.7,9.58,86,92,95,4.5,0,93,Excellent
STU350,67.9,5.79,60,70,63,3.7,1,65,Average
STU225,92.0,7.46,84,85,64,2.7,1,84,Good
STU403,46.4,5.09,30,40,31,0.6,3,41,Poor
STU398,50.3,4.56,28,36,22,0.5,5,37,Poor
STU128,75.9,8.78,82,72,73,3.9,0,68,Good
STU286,62.2,5.64,66,59,46,2.8,1,50,Average
STU412,59.7,4.04,50,40,52,0.4,5,52,Poor
STU108,98.0,9.8,84,94,84,6.6,0,84,Excellent
STU371,67.5,5.68,68,70,66,3.7,2,63,Average
STU326,83.9,6.06,59,57,47,3.7,1,63,Average
STU134,89.1,7.07,65,72,68,4.9,0,88,Good
STU453,49.2,4.0,40,44,55,1.8,2,25,Poor
STU045,93.4,9.2,98,94,81,5.7,0,89,Excellent
STU461,48.1,4.35,51,57,33,1.9,2,25,Poor
STU066,95.2,9.67,94,89,83,5.3,1,92,Excellent
STU284,82.7,5.7,63,51,66,2.5,2,65,Average
STU086,95.3,8.75,81,92,96,4.5,0,96,Excellent
STU243,81.6,7.17,72,74,78,4.2,0,75,Good
STU187,80.3,8.06,76,79,66,2.7,0,79,Good
STU384,50.9,5.34,43,27,29,1.9,4,34,Poor
STU160,80.4,7.11,68,68,69,4.1,0,87,Good
STU013,94.3,8.53,85,98,95,5.8,0,90,Excellent
STU036,92.3,9.46,96,84,82,7.7,0,92,Excellent
STU029,90.1,9.0,97,82,90,5.4,0,86,Excellent
STU171,88.5,8.15,81,85,65,5.4,0,75,Good
STU143,80.8,7.21,84,69,67,4.9,0,79,Good
STU399,59.4,4.29,41,52,22,0.9,2,25,Poor
STU343,68.9,5.73,54,52,54,1.8,3,54,Average
STU222,80.6,8.74,67,79,64,4.5,0,74,Good
STU096,89.7,9.49,87,94,95,7.9,0,100,Excellent
STU052,96.1,9.7,98,94,96,4.7,0,98,Excellent
STU241,93.6,8.42,83,89,63,4.2,0,65,Good
STU485,48.5,4.26,34,36,30,0.4,3,52,Poor
STU379,58.8,5.15,43,50,44,2.0,1,30,Poor
STU179,93.8,7.97,70,81,80,5.3,2,77,Good
STU042,86.5,8.55,82,85,88,5.8,0,83,Excellent
STU499,55.2,4.35,50,34,41,1.4,3,35,Poor
STU422,63.0,5.06,53,28,33,0.7,5,54,Poor
STU207,80.1,7.24,66,73,77,3.5,0,69,Good
STU283,82.8,6.72,55,59,50,1.8,0,55,Average
STU255,76.7,5.88,69,69,57,1.9,1,54,Average
STU413,51.0,4.03,40,53,47,0.3,3,29,Poor
STU005,95.8,9.24,92,94,85,5.5,0,83,Excellent
STU257,81.9,6.19,52,53,69,1.9,1,62,Average
STU449,55.0,4.64,39,38,20,0.5,3,52,Poor
STU101,86.4,8.71,94,87,80,6.4,0,85,Excellent
STU227,92.7,7.77,72,70,81,5.0,0,81,Good
STU430,67.6,4.21,44,27,55,0.6,3,42,Poor
STU214,89.2,8.17,72,87,81,3.9,0,70,Good
STU172,77.1,7.72,75,65,62,4.4,0,84,Good
STU099,98.7,8.71,81,99,86,4.6,0,95,Excellent
STU293,70.2,7.11,67,63,62,3.3,1,53,Average
STU216,92.8,7.04,65,81,77,3.4,1,77,Good
STU062,94.3,8.87,89,94,83,6.9,0,87,Excellent
STU048,86.7,9.43,92,88,91,5.4,0,96,Excellent
STU033,89.0,9.23,86,85,81,6.3,0,97,Excellent
STU268,75.4,6.53,50,55,61,3.8,0,59,Average
STU328,78.1,6.58,62,55,54,2.5,0,56,Average
STU201,77.8,7.31,82,87,77,5.0,0,85,Good
STU447,47.9,5.27,42,56,40,1.6,4,47,Poor
STU028,88.5,9.66,98,90,95,7.3,0,84,Excellent
STU425,57.2,5.73,51,42,22,0.8,4,25,Poor
STU231,79.4,7.39,69,76,73,2.5,0,65,Good
STU261,63.2,6.92,58,60,59,3.0,0,67,Average
STU289,83.6,5.73,54,51,48,2.7,0,61,Average
STU163,88.0,7.44,79,85,68,5.0,1,75,Good
STU426,54.1,4.79,50,30,40,1.7,3,57,Poor
STU139,79.2,7.45,68,86,84,4.7,0,77,Good
STU063,90.8,9.45,95,90,95,5.0,0,95,Excellent
STU136,81.8,8.39,80,84,76,3.0,0,71,Good
STU129,93.0,7.89,82,72,84,4.8,0,72,Good
STU477,47.4,5.21,42,40,24,0.3,1,26,Poor
STU009,85.9,9.45,82,86,81,7.9,0,83,Excellent
STU327,63.7,5.53,63,58,52,2.3,0,64,Average
STU464,52.8,4.59,46,43,53,0.8,4,56,Poor
STU065,90.9,9.93,80,85,96,5.9,0,85,Excellent
STU301,74.0,6.05,66,54,65,2.9,1,52,Average
STU015,85.0,9.14,97,82,94,6.0,0,93,Excellent
STU157,82.3,8.19,65,70,64,4.2,0,83,Good
STU041,98.9,8.6,85,93,98,4.6,0,89,Excellent
STU380,59.7,5.11,40,54,50,0.4,5,35,Poor
STU469,50.6,4.56,42,38,30,0.8,3,33,Poor
STU404,56.2,4.9,39,57,23,1.5,3,28,Poor
STU217,77.1,7.63,71,71,66,3.7,0,88,Good
STU280,71.7,7.13,62,60,69,1.8,0,58,Average
STU435,54.7,4.56,41,40,29,1.1,2,38,Poor
STU431,49.2,5.04,52,41,34,1.9,3,47,Poor
STU338,78.3,6.62,61,50,61,3.8,3,68,Average
STU237,83.2,7.2,74,74,83,3.0,0,76,Good
STU208,79.5,7.02,84,73,73,4.3,0,78,Good
STU213,89.0,8.14,71,74,69,3.7,0,84,Good
STU296,68.6,5.52,54,54,70,2.5,0,65,Average
STU458,57.2,4.67,40,42,46,1.9,4,54,Poor
STU252,80.5,6.66,57,68,52,2.1,0,50,Average
STU489,65.8,5.04,25,29,46,0.9,2,49,Poor
STU487,47.2,4.07,29,38,29,1.1,2,38,Poor
STU304,78.7,5.68,64,68,60,2.9,0,56,Average
STU351,69.0,5.87,69,52,61,2.7,2,52,Average
STU270,80.7,5.7,60,68,62,2.5,0,60,Average
STU202,84.7,8.54,79,70,66,3.8,0,81,Good
STU162,84.8,7.9,67,74,72,2.6,0,79,Good
STU044,93.8,8.73,85,93,86,4.3,0,100,Excellent
STU218,87.1,8.16,79,81,77,3.7,0,81,Good
STU402,61.0,4.69,27,31,39,1.3,2,26,Poor
STU191,93.1,7.43,67,70,76,4.0,0,68,Good
STU310,68.6,5.99,50,69,61,1.9,1,60,Average
STU260,71.4,6.78,52,60,48,4.0,1,50,Average
STU106,86.0,8.98,90,89,81,4.5,0,100,Excellent
STU054,89.5,8.56,89,100,89,4.4,1,92,Excellent
STU390,59.3,4.12,25,37,43,1.7,1,51,Poor
STU002,89.4,9.22,88,82,94,6.9,0,98,Excellent
STU442,67.9,5.76,52,26,29,1.8,1,32,Poor
STU483,65.8,4.52,46,49,54,0.6,2,30,Poor
STU050,93.9,9.12,91,97,96,6.4,0,100,Excellent
STU420,56.7,4.21,40,34,21,2.1,5,57,Poor
STU081,98.0,8.57,95,91,85,4.1,0,90,Excellent
STU206,90.4,8.45,79,67,62,3.7,0,71,Good
STU035,92.4,9.2,91,88,94,6.8,0,83,Excellent
STU264,72.7,7.25,66,60,56,3.6,1,53,Average
STU428,50.5,5.05,48,36,47,1.0,3,28,Poor
STU367,65.4,7.2,64,61,65,3.2,0,51,Average
STU092,90.3,8.87,93,95,88,4.5,0,91,Excellent
STU340,65.7,6.57,51,57,68,2.3,1,57,Average
STU474,50.4,4.24,48,45,48,0.7,1,39,Poor
STU053,95.8,9.21,96,88,88,4.9,0,89,Excellent
STU346,75.0,6.56,67,65,61,3.6,1,64,Average
STU265,81.9,6.07,67,54,66,1.7,0,51,Average
STU242,79.1,8.45,75,65,64,4.1,0,81,Good
STU014,88.1,9.35,83,86,93,6.3,0,95,Excellent
STU316,69.5,6.46,52,71,65,1.6,0,61,Average
STU089,99.0,9.16,96,89,96,7.5,0,85,Excellent
STU388,45.5,5.76,29,27,46,1.1,4,51,Poor
STU274,74.7,6.93,51,52,67,3.4,0,52,Average
STU167,91.8,7.97,75,82,84,4.9,0,77,Good
STU329,76.9,7.1,51,64,57,3.5,1,63,Average
STU493,45.8,4.78,53,53,32,1.3,3,51,Poor
STU135,80.4,7.79,77,85,74,4.9,0,76,Good
STU307,73.8,7.23,59,60,56,1.5,0,60,Average
STU481,51.6,4.69,46,32,48,2.0,1,46,Poor
STU320,73.3,6.06,65,67,64,2.5,2,71,Average
STU244,85.3,8.43,71,71,84,4.3,0,83,Good
STU055,98.5,9.25,85,90,93,5.3,0,89,Excellent
STU364,68.8,6.47,65,59,45,1.5,1,56,Average
STU051,97.4,9.4,83,84,98,5.7,0,93,Excellent
STU457,53.9,4.55,34,50,25,1.5,1,39,Poor
STU175,87.7,7.96,71,78,77,4.7,1,73,Good
STU446,50.5,5.32,53,44,43,2.1,2,46,Poor
STU190,78.2,8.11,72,72,84,4.1,1,74,Good
STU497,56.8,5.5,52,39,25,1.4,2,27,Poor
STU188,90.8,7.75,71,83,74,4.3,0,83,Good
STU170,76.9,7.31,69,87,65,3.2,1,78,Good
STU059,95.4,9.95,90,84,98,7.0,0,95,Excellent
STU049,89.0,9.09,82,96,81,5.8,0,84,Excellent
STU345,79.3,6.52,51,61,70,1.7,1,59,Average
STU236,76.8,7.95,83,79,72,4.6,0,85,Good
STU253,70.9,7.28,56,64,66,3.5,1,64,Average
STU022,92.1,9.25,93,92,89,5.0,0,98,Excellent
STU314,71.6,6.1,57,70,54,1.9,2,64,Average
STU460,62.0,4.1,33,43,41,1.2,2,40,Poor
STU161,82.9,7.39,74,85,81,3.0,0,71,Good
STU277,69.3,6.56,51,64,67,2.9,1,56,Average
STU444,56.0,5.12,54,39,33,0.9,4,54,Poor
STU192,84.7,8.5,78,76,63,3.1,0,69,Good
STU386,48.8,5.74,34,52,40,1.8,1,50,Poor
STU294,77.5,6.24,62,52,54,3.9,0,55,Average
STU414,49.7,5.22,46,53,32,0.7,2,57,Poor
STU344,71.7,5.59,60,65,62,1.6,3,72,Average
STU258,79.5,5.72,60,67,62,2.5,0,50,Average
STU309,77.0,6.26,69,54,52,3.1,1,65,Average
STU150,91.9,7.15,71,76,79,3.3,0,79,Good
STU131,84.1,8.69,76,79,79,4.6,0,67,Good
STU152,92.0,8.19,65,82,73,4.5,1,86,Good
STU360,63.2,6.83,67,56,49,1.8,0,56,Average
STU100,85.5,9.25,94,98,95,7.2,0,91,Excellent
STU373,77.6,6.47,59,58,53,3.6,0,63,Average
STU088,98.4,8.54,89,85,85,5.8,0,98,Excellent
STU459,65.3,5.04,35,49,50,1.2,3,49,Poor
STU331,73.5,7.09,62,50,49,2.3,2,57,Average
STU215,91.6,7.58,68,71,79,4.9,1,78,Good
STU467,54.8,5.04,34,58,30,2.1,1,25,Poor
STU122,93.4,9.55,95,90,83,5.5,0,97,Excellent
STU500,58.0,5.45,40,36,27,1.5,2,51,Poor
STU021,90.7,8.87,90,96,90,6.8,0,89,Excellent
STU189,82.4,7.77,72,72,65,3.3,0,65,Good
STU072,85.8,9.81,84,82,93,5.5,0,83,Excellent
STU107,89.2,8.86,94,92,93,5.4,0,93,Excellent
STU271,79.3,5.98,55,66,70,3.4,3,58,Average
STU349,81.3,6.43,55,61,63,1.5,0,57,Average
STU436,47.9,4.89,51,51,26,0.8,2,35,Poor
STU103,85.2,8.6,92,90,95,6.6,0,90,Excellent
